FILENAME;SCRIPT_TYPE;DATE_TYPE
IRHT_P_000001.tif;7;3
IRHT_P_000003.tif;9;6
IRHT_P_000005.tif;11;5
IRHT_P_000006.tif;12;1
IRHT_P_000007.tif;12;1
IRHT_P_000009.tif;7;3
IRHT_P_000010.tif;7;3
IRHT_P_000011.tif;7;3
IRHT_P_000012.tif;2;11
IRHT_P_000013.tif;11;6
IRHT_P_000014.tif;1;1
IRHT_P_000015.tif;1;1
IRHT_P_000017.tif;7;3
IRHT_P_000018.tif;7;3
IRHT_P_000019.tif;6;10
IRHT_P_000020.tif;8;10
IRHT_P_000022.tif;9;6
IRHT_P_000023.tif;9;6
IRHT_P_000025.tif;2;8
IRHT_P_000026.tif;2;8
IRHT_P_000027.tif;2;8
IRHT_P_000037.tif;11;11
IRHT_P_000039.tif;11;11
IRHT_P_000040.tif;11;8
IRHT_P_000042.tif;11;12
IRHT_P_000046.tif;11;12
IRHT_P_000050.tif;11;11
IRHT_P_000052.tif;7;3
IRHT_P_000060.tif;11;14
IRHT_P_000066.tif;11;4
IRHT_P_000067.tif;11;9
IRHT_P_000069.tif;6;9
IRHT_P_000070.tif;7;3
IRHT_P_000071.tif;6;10
IRHT_P_000072.tif;11;8
IRHT_P_000074.tif;8;10
IRHT_P_000075.tif;8;13
IRHT_P_000076.tif;7;3
IRHT_P_000077.tif;7;3
IRHT_P_000078.tif;6;10
IRHT_P_000079.tif;11;5
IRHT_P_000080.tif;7;3
IRHT_P_000081.tif;7;4
IRHT_P_000082.tif;11;11
IRHT_P_000083.tif;6;10
IRHT_P_000084.tif;1;1
IRHT_P_000085.tif;1;1
IRHT_P_000086.tif;11;7
IRHT_P_000089.tif;6;11
IRHT_P_000090.tif;1;2
IRHT_P_000091.tif;1;2
IRHT_P_000092.tif;11;7
IRHT_P_000094.tif;9;9
IRHT_P_000095.tif;10;7
IRHT_P_000096.tif;7;3
IRHT_P_000097.tif;4;14
IRHT_P_000098.tif;4;14
IRHT_P_000099.tif;4;14
IRHT_P_000100.tif;4;13
IRHT_P_000101.tif;11;7
IRHT_P_000103.tif;11;7
IRHT_P_000105.tif;8;11
IRHT_P_000106.tif;9;11
IRHT_P_000113.tif;9;6
IRHT_P_000114.tif;9;8
IRHT_P_000115.tif;6;10
IRHT_P_000116.tif;6;10
IRHT_P_000117.tif;6;10
IRHT_P_000118.tif;2;10
IRHT_P_000119.tif;8;10
IRHT_P_000120.tif;2;8
IRHT_P_000121.tif;6;8
IRHT_P_000122.tif;6;10
IRHT_P_000123.tif;8;11
IRHT_P_000124.tif;10;7
IRHT_P_000125.tif;11;7
IRHT_P_000126.tif;6;9
IRHT_P_000127.tif;6;8
IRHT_P_000128.tif;2;6
IRHT_P_000129.tif;11;6
IRHT_P_000130.tif;2;9
IRHT_P_000131.tif;2;9
IRHT_P_000133.tif;6;9
IRHT_P_000134.tif;11;7
IRHT_P_000135.tif;9;6
IRHT_P_000136.tif;11;6
IRHT_P_000139.tif;2;11
IRHT_P_000140.tif;10;6
IRHT_P_000141.tif;2;6
IRHT_P_000142.tif;11;7
IRHT_P_000143.tif;11;10
IRHT_P_000144.tif;2;7
IRHT_P_000145.tif;2;7
IRHT_P_000146.tif;2;7
IRHT_P_000150.tif;10;6
IRHT_P_000151.tif;10;6
IRHT_P_000153.tif;9;10
IRHT_P_000154.tif;6;10
IRHT_P_000155.tif;6;10
IRHT_P_000156.tif;6;10
IRHT_P_000159.tif;11;4
IRHT_P_000160.tif;11;4
IRHT_P_000161.tif;2;7
IRHT_P_000162.tif;2;7
IRHT_P_000163.tif;2;7
IRHT_P_000164.tif;2;9
IRHT_P_000165.tif;8;9
IRHT_P_000166.tif;11;6
IRHT_P_000169.tif;6;10
IRHT_P_000170.tif;11;5
IRHT_P_000171.tif;11;5
IRHT_P_000172.tif;11;5
IRHT_P_000173.tif;11;5
IRHT_P_000174.tif;8;10
IRHT_P_000179.tif;6;10
IRHT_P_000181.tif;8;10
IRHT_P_000183.tif;11;5
IRHT_P_000184.tif;8;13
IRHT_P_000185.tif;8;14
IRHT_P_000188.tif;4;13
IRHT_P_000189.tif;4;10
IRHT_P_000190.tif;11;9
IRHT_P_000192.tif;2;7
IRHT_P_000193.tif;6;10
IRHT_P_000196.tif;2;7
IRHT_P_000197.tif;9;9
IRHT_P_000198.tif;2;10
IRHT_P_000201.tif;2;8
IRHT_P_000202.tif;5;13
IRHT_P_000205.tif;11;7
IRHT_P_000206.tif;2;14
IRHT_P_000207.tif;4;10
IRHT_P_000209.tif;9;5
IRHT_P_000213.tif;8;11
IRHT_P_000215.tif;4;10
IRHT_P_000216.tif;4;8
IRHT_P_000221.tif;6;10
IRHT_P_000225.tif;4;13
IRHT_P_000226.tif;5;13
IRHT_P_000228.tif;1;3
IRHT_P_000229.tif;7;3
IRHT_P_000231.tif;2;8
IRHT_P_000232.tif;2;8
IRHT_P_000233.tif;2;8
IRHT_P_000235.tif;7;4
IRHT_P_000236.tif;2;11
IRHT_P_000237.tif;2;11
IRHT_P_000242.tif;11;6
IRHT_P_000243.tif;6;10
IRHT_P_000244.tif;6;10
IRHT_P_000245.tif;2;8
IRHT_P_000247.tif;8;10
IRHT_P_000248.tif;8;10
IRHT_P_000251.tif;2;8
IRHT_P_000252.tif;2;6
IRHT_P_000253.tif;2;7
IRHT_P_000254.tif;11;6
IRHT_P_000255.tif;2;6
IRHT_P_000256.tif;2;6
IRHT_P_000257.tif;2;8
IRHT_P_000259.tif;2;8
IRHT_P_000260.tif;2;8
IRHT_P_000261.tif;11;8
IRHT_P_000262.tif;8;10
IRHT_P_000265.tif;9;6
IRHT_P_000266.tif;9;6
IRHT_P_000268.tif;9;10
IRHT_P_000269.tif;5;10
IRHT_P_000273.tif;11;13
IRHT_P_000274.tif;11;13
IRHT_P_000275.tif;2;14
IRHT_P_000276.tif;7;3
IRHT_P_000277.tif;7;3
IRHT_P_000278.tif;11;4
IRHT_P_000279.tif;11;7
IRHT_P_000280.tif;11;7
IRHT_P_000281.tif;11;5
IRHT_P_000282.tif;11;5
IRHT_P_000283.tif;11;4
IRHT_P_000284.tif;11;5
IRHT_P_000285.tif;11;5
IRHT_P_000286.tif;7;3
IRHT_P_000287.tif;7;3
IRHT_P_000289.tif;1;2
IRHT_P_000290.tif;1;2
IRHT_P_000291.tif;1;3
IRHT_P_000294.tif;1;2
IRHT_P_000295.tif;1;2
IRHT_P_000296.tif;7;2
IRHT_P_000300.tif;11;4
IRHT_P_000301.tif;11;4
IRHT_P_000302.tif;11;8
IRHT_P_000303.tif;11;8
IRHT_P_000304.tif;7;3
IRHT_P_000305.tif;11;5
IRHT_P_000308.tif;11;8
IRHT_P_000309.tif;2;9
IRHT_P_000310.tif;9;12
IRHT_P_000311.tif;2;12
IRHT_P_000312.tif;2;12
IRHT_P_000313.tif;11;5
IRHT_P_000314.tif;11;5
IRHT_P_000316.tif;2;10
IRHT_P_000317.tif;2;10
IRHT_P_000318.tif;11;7
IRHT_P_000319.tif;11;9
IRHT_P_000320.tif;11;9
IRHT_P_000321.tif;11;6
IRHT_P_000322.tif;11;6
IRHT_P_000323.tif;11;6
IRHT_P_000324.tif;11;6
IRHT_P_000325.tif;12;1
IRHT_P_000326.tif;1;1
IRHT_P_000327.tif;1;1
IRHT_P_000328.tif;12;1
IRHT_P_000329.tif;2;10
IRHT_P_000330.tif;6;10
IRHT_P_000331.tif;8;10
IRHT_P_000332.tif;6;10
IRHT_P_000333.tif;6;10
IRHT_P_000334.tif;11;4
IRHT_P_000335.tif;11;4
IRHT_P_000336.tif;11;4
IRHT_P_000337.tif;11;4
IRHT_P_000338.tif;7;3
IRHT_P_000339.tif;7;3
IRHT_P_000340.tif;11;5
IRHT_P_000341.tif;11;5
IRHT_P_000342.tif;11;5
IRHT_P_000343.tif;7;3
IRHT_P_000344.tif;11;6
IRHT_P_000345.tif;11;6
IRHT_P_000347.tif;6;9
IRHT_P_000348.tif;6;10
IRHT_P_000349.tif;2;10
IRHT_P_000350.tif;1;2
IRHT_P_000351.tif;7;3
IRHT_P_000352.tif;11;5
IRHT_P_000353.tif;11;5
IRHT_P_000354.tif;7;3
IRHT_P_000355.tif;7;3
IRHT_P_000356.tif;11;7
IRHT_P_000357.tif;2;7
IRHT_P_000358.tif;1;2
IRHT_P_000359.tif;1;2
IRHT_P_000362.tif;2;6
IRHT_P_000363.tif;6;10
IRHT_P_000364.tif;12;1
IRHT_P_000365.tif;1;1
IRHT_P_000366.tif;3;1
IRHT_P_000367.tif;1;1
IRHT_P_000368.tif;1;1
IRHT_P_000369.tif;7;3
IRHT_P_000370.tif;7;3
IRHT_P_000371.tif;7;3
IRHT_P_000372.tif;7;2
IRHT_P_000373.tif;7;2
IRHT_P_000374.tif;7;2
IRHT_P_000375.tif;7;2
IRHT_P_000376.tif;7;3
IRHT_P_000377.tif;7;3
IRHT_P_000378.tif;6;9
IRHT_P_000380.tif;7;3
IRHT_P_000382.tif;11;5
IRHT_P_000386.tif;7;3
IRHT_P_000387.tif;7;3
IRHT_P_000388.tif;9;5
IRHT_P_000389.tif;9;5
IRHT_P_000390.tif;8;11
IRHT_P_000392.tif;8;11
IRHT_P_000395.tif;7;3
IRHT_P_000397.tif;1;3
IRHT_P_000398.tif;11;8
IRHT_P_000399.tif;11;8
IRHT_P_000400.tif;11;5
IRHT_P_000401.tif;11;5
IRHT_P_000402.tif;11;5
IRHT_P_000403.tif;1;3
IRHT_P_000405.tif;10;6
IRHT_P_000406.tif;11;6
IRHT_P_000407.tif;10;6
IRHT_P_000408.tif;7;3
IRHT_P_000409.tif;7;3
IRHT_P_000410.tif;2;8
IRHT_P_000411.tif;2;8
IRHT_P_000412.tif;2;8
IRHT_P_000413.tif;1;1
IRHT_P_000414.tif;1;1
IRHT_P_000415.tif;1;1
IRHT_P_000416.tif;2;7
IRHT_P_000417.tif;2;7
IRHT_P_000418.tif;10;6
IRHT_P_000419.tif;11;6
IRHT_P_000420.tif;11;7
IRHT_P_000421.tif;9;7
IRHT_P_000422.tif;9;7
IRHT_P_000423.tif;6;8
IRHT_P_000424.tif;6;8
IRHT_P_000425.tif;9;8
IRHT_P_000426.tif;10;8
IRHT_P_000427.tif;3;1
IRHT_P_000428.tif;1;1
IRHT_P_000429.tif;1;1
IRHT_P_000430.tif;1;1
IRHT_P_000431.tif;1;1
IRHT_P_000432.tif;1;1
IRHT_P_000433.tif;1;1
IRHT_P_000434.tif;4;12
IRHT_P_000436.tif;4;12
IRHT_P_000437.tif;1;2
IRHT_P_000438.tif;2;11
IRHT_P_000439.tif;2;11
IRHT_P_000440.tif;7;3
IRHT_P_000441.tif;2;6
IRHT_P_000442.tif;7;6
IRHT_P_000443.tif;11;12
IRHT_P_000444.tif;7;3
IRHT_P_000445.tif;7;3
IRHT_P_000446.tif;7;3
IRHT_P_000449.tif;8;11
IRHT_P_000450.tif;8;11
IRHT_P_000451.tif;2;11
IRHT_P_000452.tif;8;11
IRHT_P_000453.tif;2;11
IRHT_P_000454.tif;6;12
IRHT_P_000455.tif;8;10
IRHT_P_000456.tif;2;10
IRHT_P_000457.tif;2;10
IRHT_P_000458.tif;11;4
IRHT_P_000459.tif;11;4
IRHT_P_000461.tif;8;10
IRHT_P_000462.tif;8;10
IRHT_P_000463.tif;8;11
IRHT_P_000464.tif;8;10
IRHT_P_000465.tif;2;10
IRHT_P_000467.tif;8;8
IRHT_P_000468.tif;2;7
IRHT_P_000469.tif;2;7
IRHT_P_000470.tif;11;8
IRHT_P_000471.tif;11;8
IRHT_P_000472.tif;2;8
IRHT_P_000473.tif;2;10
IRHT_P_000474.tif;2;11
IRHT_P_000475.tif;2;11
IRHT_P_000476.tif;7;3
IRHT_P_000477.tif;7;3
IRHT_P_000478.tif;2;9
IRHT_P_000480.tif;11;7
IRHT_P_000481.tif;4;9
IRHT_P_000482.tif;11;5
IRHT_P_000483.tif;11;5
IRHT_P_000486.tif;2;11
IRHT_P_000487.tif;2;11
IRHT_P_000488.tif;5;13
IRHT_P_000489.tif;5;13
IRHT_P_000490.tif;5;15
IRHT_P_000497.tif;11;9
IRHT_P_000498.tif;10;7
IRHT_P_000499.tif;10;7
IRHT_P_000501.tif;8;10
IRHT_P_000502.tif;8;10
IRHT_P_000504.tif;2;10
IRHT_P_000506.tif;2;8
IRHT_P_000507.tif;8;10
IRHT_P_000508.tif;6;10
IRHT_P_000509.tif;2;7
IRHT_P_000510.tif;2;7
IRHT_P_000511.tif;4;10
IRHT_P_000514.tif;4;13
IRHT_P_000515.tif;5;10
IRHT_P_000517.tif;2;10
IRHT_P_000518.tif;4;10
IRHT_P_000520.tif;2;12
IRHT_P_000521.tif;6;11
IRHT_P_000522.tif;4;10
IRHT_P_000524.tif;5;10
IRHT_P_000525.tif;5;10
IRHT_P_000526.tif;2;10
IRHT_P_000527.tif;2;10
IRHT_P_000528.tif;2;10
IRHT_P_000529.tif;2;10
IRHT_P_000531.tif;11;8
IRHT_P_000532.tif;11;8
IRHT_P_000533.tif;6;11
IRHT_P_000542.tif;2;13
IRHT_P_000548.tif;11;4
IRHT_P_000550.tif;11;4
IRHT_P_000551.tif;7;3
IRHT_P_000552.tif;1;2
IRHT_P_000554.tif;6;10
IRHT_P_000555.tif;6;10
IRHT_P_000559.tif;1;2
IRHT_P_000563.tif;9;9
IRHT_P_000564.tif;8;11
IRHT_P_000569.tif;10;9
IRHT_P_000570.tif;10;9
IRHT_P_000571.tif;10;10
IRHT_P_000572.tif;9;10
IRHT_P_000573.tif;11;5
IRHT_P_000574.tif;10;5
IRHT_P_000575.tif;10;5
IRHT_P_000576.tif;10;5
IRHT_P_000577.tif;10;5
IRHT_P_000578.tif;10;5
IRHT_P_000579.tif;9;10
IRHT_P_000581.tif;11;4
IRHT_P_000582.tif;1;3
IRHT_P_000583.tif;10;12
IRHT_P_000584.tif;5;15
IRHT_P_000585.tif;9;13
IRHT_P_000586.tif;4;10
IRHT_P_000588.tif;11;8
IRHT_P_000589.tif;8;11
IRHT_P_000590.tif;8;12
IRHT_P_000592.tif;9;6
IRHT_P_000594.tif;2;11
IRHT_P_000597.tif;5;13
IRHT_P_000598.tif;4;14
IRHT_P_000599.tif;5;15
IRHT_P_000602.tif;11;7
IRHT_P_000604.tif;11;7
IRHT_P_000605.tif;10;10
IRHT_P_000606.tif;6;13
IRHT_P_000607.tif;11;5
IRHT_P_000608.tif;9;5
IRHT_P_000609.tif;2;13
IRHT_P_000610.tif;5;14
IRHT_P_000612.tif;11;5
IRHT_P_000615.tif;6;12
IRHT_P_000616.tif;8;13
IRHT_P_000617.tif;6;13
IRHT_P_000618.tif;2;11
IRHT_P_000621.tif;2;11
IRHT_P_000622.tif;2;11
IRHT_P_000623.tif;2;11
IRHT_P_000627.tif;6;12
IRHT_P_000629.tif;5;14
IRHT_P_000630.tif;6;13
IRHT_P_000634.tif;2;11
IRHT_P_000635.tif;11;6
IRHT_P_000636.tif;11;6
IRHT_P_000637.tif;11;6
IRHT_P_000638.tif;11;9
IRHT_P_000639.tif;11;9
IRHT_P_000640.tif;11;9
IRHT_P_000641.tif;7;3
IRHT_P_000642.tif;7;3
IRHT_P_000643.tif;1;3
IRHT_P_000644.tif;1;3
IRHT_P_000646.tif;5;12
IRHT_P_000647.tif;2;11
IRHT_P_000648.tif;4;12
IRHT_P_000650.tif;2;11
IRHT_P_000651.tif;2;10
IRHT_P_000652.tif;2;10
IRHT_P_000653.tif;2;9
IRHT_P_000654.tif;2;9
IRHT_P_000655.tif;4;12
IRHT_P_000656.tif;4;13
IRHT_P_000658.tif;6;13
IRHT_P_000659.tif;4;13
IRHT_P_000660.tif;7;3
IRHT_P_000661.tif;7;3
IRHT_P_000662.tif;7;3
IRHT_P_000664.tif;9;6
IRHT_P_000666.tif;7;3
IRHT_P_000668.tif;9;6
IRHT_P_000671.tif;7;3
IRHT_P_000672.tif;9;5
IRHT_P_000673.tif;7;3
IRHT_P_000674.tif;11;4
IRHT_P_000675.tif;11;6
IRHT_P_000678.tif;1;3
IRHT_P_000679.tif;7;3
IRHT_P_000680.tif;7;3
IRHT_P_000681.tif;7;3
IRHT_P_000682.tif;1;3
IRHT_P_000683.tif;1;3
IRHT_P_000685.tif;2;11
IRHT_P_000687.tif;2;7
IRHT_P_000688.tif;8;10
IRHT_P_000689.tif;7;3
IRHT_P_000692.tif;7;3
IRHT_P_000695.tif;8;11
IRHT_P_000696.tif;7;6
IRHT_P_000699.tif;11;6
IRHT_P_000700.tif;11;6
IRHT_P_000701.tif;7;3
IRHT_P_000702.tif;7;3
IRHT_P_000703.tif;7;3
IRHT_P_000705.tif;7;3
IRHT_P_000706.tif;7;3
IRHT_P_000707.tif;7;3
IRHT_P_000709.tif;11;7
IRHT_P_000710.tif;11;6
IRHT_P_000713.tif;6;11
IRHT_P_000714.tif;11;5
IRHT_P_000715.tif;7;3
IRHT_P_000720.tif;7;3
IRHT_P_000721.tif;7;3
IRHT_P_000722.tif;7;3
IRHT_P_000723.tif;7;3
IRHT_P_000724.tif;7;3
IRHT_P_000725.tif;7;3
IRHT_P_000726.tif;7;3
IRHT_P_000727.tif;7;3
IRHT_P_000728.tif;7;3
IRHT_P_000729.tif;7;3
IRHT_P_000730.tif;7;3
IRHT_P_000731.tif;7;3
IRHT_P_000732.tif;7;3
IRHT_P_000733.tif;7;3
IRHT_P_000734.tif;7;3
IRHT_P_000735.tif;7;3
IRHT_P_000736.tif;7;3
IRHT_P_000738.tif;7;3
IRHT_P_000740.tif;7;3
IRHT_P_000744.tif;8;10
IRHT_P_000746.tif;7;3
IRHT_P_000749.tif;8;6
IRHT_P_000750.tif;2;7
IRHT_P_000751.tif;6;11
IRHT_P_000752.tif;6;7
IRHT_P_000753.tif;7;3
IRHT_P_000754.tif;11;6
IRHT_P_000755.tif;7;3
IRHT_P_000759.tif;7;3
IRHT_P_000760.tif;7;3
IRHT_P_000761.tif;7;3
IRHT_P_000762.tif;7;3
IRHT_P_000763.tif;7;3
IRHT_P_000764.tif;7;3
IRHT_P_000765.tif;7;3
IRHT_P_000766.tif;7;3
IRHT_P_000767.tif;7;3
IRHT_P_000768.tif;7;3
IRHT_P_000769.tif;7;3
IRHT_P_000770.tif;9;6
IRHT_P_000772.tif;11;6
IRHT_P_000774.tif;6;7
IRHT_P_000784.tif;11;5
IRHT_P_000785.tif;9;5
IRHT_P_000786.tif;11;5
IRHT_P_000790.tif;11;10
IRHT_P_000791.tif;11;10
IRHT_P_000795.tif;4;12
IRHT_P_000801.tif;11;5
IRHT_P_000802.tif;11;5
IRHT_P_000804.tif;8;12
IRHT_P_000805.tif;8;11
IRHT_P_000808.tif;11;11
IRHT_P_000810.tif;11;13
IRHT_P_000813.tif;1;1
IRHT_P_000814.tif;1;1
IRHT_P_000815.tif;1;1
IRHT_P_000816.tif;9;7
IRHT_P_000817.tif;9;7
IRHT_P_000818.tif;11;7
IRHT_P_000819.tif;11;7
IRHT_P_000820.tif;9;7
IRHT_P_000821.tif;2;9
IRHT_P_000822.tif;2;9
IRHT_P_000823.tif;2;10
IRHT_P_000824.tif;2;10
IRHT_P_000825.tif;2;10
IRHT_P_000826.tif;2;7
IRHT_P_000827.tif;2;7
IRHT_P_000838.tif;11;10
IRHT_P_000839.tif;11;10
IRHT_P_000842.tif;7;4
IRHT_P_000843.tif;11;5
IRHT_P_000844.tif;11;5
IRHT_P_000845.tif;7;4
IRHT_P_000849.tif;10;5
IRHT_P_000851.tif;11;10
IRHT_P_000852.tif;11;10
IRHT_P_000855.tif;2;5
IRHT_P_000856.tif;11;5
IRHT_P_000857.tif;9;5
IRHT_P_000860.tif;6;7
IRHT_P_000861.tif;11;6
IRHT_P_000862.tif;11;6
IRHT_P_000864.tif;6;10
IRHT_P_000865.tif;6;10
IRHT_P_000869.tif;1;2
IRHT_P_000870.tif;1;2
IRHT_P_000872.tif;6;10
IRHT_P_000873.tif;6;10
IRHT_P_000874.tif;6;9
IRHT_P_000875.tif;2;8
IRHT_P_000876.tif;2;8
IRHT_P_000877.tif;11;6
IRHT_P_000878.tif;11;6
IRHT_P_000879.tif;11;6
IRHT_P_000880.tif;2;7
IRHT_P_000881.tif;2;7
IRHT_P_000882.tif;6;10
IRHT_P_000883.tif;6;10
IRHT_P_000884.tif;6;9
IRHT_P_000885.tif;6;9
IRHT_P_000886.tif;8;9
IRHT_P_000887.tif;6;10
IRHT_P_000888.tif;6;10
IRHT_P_000889.tif;2;10
IRHT_P_000890.tif;2;10
IRHT_P_000894.tif;11;6
IRHT_P_000904.tif;3;1
IRHT_P_000905.tif;1;1
IRHT_P_000906.tif;1;1
IRHT_P_000907.tif;1;1
IRHT_P_000908.tif;2;10
IRHT_P_000909.tif;2;10
IRHT_P_000912.tif;2;8
IRHT_P_000913.tif;2;8
IRHT_P_000914.tif;8;9
IRHT_P_000915.tif;2;10
IRHT_P_000916.tif;2;10
IRHT_P_000918.tif;11;5
IRHT_P_000919.tif;9;5
IRHT_P_000920.tif;9;5
IRHT_P_000921.tif;2;7
IRHT_P_000922.tif;2;7
IRHT_P_000923.tif;2;7
IRHT_P_000924.tif;6;10
IRHT_P_000925.tif;6;10
IRHT_P_000926.tif;2;8
IRHT_P_000927.tif;2;8
IRHT_P_000928.tif;2;8
IRHT_P_000929.tif;8;10
IRHT_P_000930.tif;8;10
IRHT_P_000931.tif;8;10
IRHT_P_000932.tif;6;9
IRHT_P_000933.tif;6;9
IRHT_P_000934.tif;2;11
IRHT_P_000935.tif;2;11
IRHT_P_000936.tif;11;4
IRHT_P_000937.tif;8;11
IRHT_P_000938.tif;6;11
IRHT_P_000939.tif;6;11
IRHT_P_000940.tif;6;11
IRHT_P_000944.tif;6;11
IRHT_P_000945.tif;6;11
IRHT_P_000948.tif;7;3
IRHT_P_000949.tif;7;3
IRHT_P_000950.tif;7;3
IRHT_P_000951.tif;7;3
IRHT_P_000952.tif;7;3
IRHT_P_000953.tif;7;3
IRHT_P_000954.tif;9;9
IRHT_P_000955.tif;9;9
IRHT_P_000956.tif;11;9
IRHT_P_000957.tif;6;10
IRHT_P_000958.tif;6;10
IRHT_P_000959.tif;8;10
IRHT_P_000960.tif;8;10
IRHT_P_000961.tif;6;10
IRHT_P_000962.tif;6;10
IRHT_P_000963.tif;2;11
IRHT_P_000964.tif;2;11
IRHT_P_000965.tif;2;11
IRHT_P_000966.tif;2;11
IRHT_P_000967.tif;6;10
IRHT_P_000968.tif;6;10
IRHT_P_000969.tif;11;10
IRHT_P_000970.tif;9;10
IRHT_P_000971.tif;9;10
IRHT_P_000978.tif;11;7
IRHT_P_000979.tif;6;11
IRHT_P_000980.tif;9;11
IRHT_P_000981.tif;6;11
IRHT_P_000982.tif;6;10
IRHT_P_000983.tif;6;10
IRHT_P_000984.tif;6;10
IRHT_P_000985.tif;6;10
IRHT_P_000986.tif;6;10
IRHT_P_000989.tif;2;10
IRHT_P_000990.tif;2;10
IRHT_P_000991.tif;8;10
IRHT_P_000992.tif;6;10
IRHT_P_000994.tif;2;10
IRHT_P_000995.tif;6;10
IRHT_P_000996.tif;6;10
IRHT_P_000997.tif;6;10
IRHT_P_000998.tif;6;10
IRHT_P_000999.tif;9;10
IRHT_P_001000.tif;6;10
IRHT_P_001001.tif;8;10
IRHT_P_001002.tif;6;10
IRHT_P_001003.tif;6;10
IRHT_P_001004.tif;6;10
IRHT_P_001005.tif;8;10
IRHT_P_001006.tif;2;9
IRHT_P_001011.tif;2;10
IRHT_P_001012.tif;6;10
IRHT_P_001013.tif;6;10
IRHT_P_001014.tif;2;9
IRHT_P_001015.tif;2;9
IRHT_P_001018.tif;4;10
IRHT_P_001019.tif;6;10
IRHT_P_001020.tif;11;14
IRHT_P_001022.tif;6;9
IRHT_P_001023.tif;2;9
IRHT_P_001024.tif;2;9
IRHT_P_001025.tif;6;10
IRHT_P_001026.tif;6;10
IRHT_P_001027.tif;2;8
IRHT_P_001028.tif;8;8
IRHT_P_001029.tif;2;10
IRHT_P_001030.tif;2;10
IRHT_P_001031.tif;2;10
IRHT_P_001034.tif;11;10
IRHT_P_001035.tif;6;9
IRHT_P_001036.tif;6;9
IRHT_P_001037.tif;11;6
IRHT_P_001038.tif;11;6
IRHT_P_001039.tif;11;6
IRHT_P_001040.tif;11;5
IRHT_P_001041.tif;11;5
IRHT_P_001042.tif;11;5
IRHT_P_001043.tif;8;10
IRHT_P_001044.tif;2;10
IRHT_P_001045.tif;11;6
IRHT_P_001046.tif;11;6
IRHT_P_001047.tif;11;9
IRHT_P_001048.tif;8;9
IRHT_P_001049.tif;6;9
IRHT_P_001050.tif;6;9
IRHT_P_001055.tif;9;12
IRHT_P_001061.tif;2;8
IRHT_P_001062.tif;6;10
IRHT_P_001063.tif;6;10
IRHT_P_001070.tif;11;5
IRHT_P_001071.tif;11;5
IRHT_P_001072.tif;7;2
IRHT_P_001073.tif;7;2
IRHT_P_001074.tif;7;2
IRHT_P_001078.tif;11;10
IRHT_P_001079.tif;11;10
IRHT_P_001082.tif;9;12
IRHT_P_001083.tif;8;9
IRHT_P_001084.tif;2;9
IRHT_P_001085.tif;8;9
IRHT_P_001086.tif;2;9
IRHT_P_001087.tif;8;9
IRHT_P_001092.tif;8;11
IRHT_P_001093.tif;6;11
IRHT_P_001094.tif;2;10
IRHT_P_001095.tif;6;10
IRHT_P_001096.tif;11;6
IRHT_P_001098.tif;11;6
IRHT_P_001101.tif;2;10
IRHT_P_001102.tif;2;10
IRHT_P_001103.tif;8;10
IRHT_P_001104.tif;6;10
IRHT_P_001105.tif;8;10
IRHT_P_001108.tif;2;10
IRHT_P_001109.tif;2;10
IRHT_P_001110.tif;2;10
IRHT_P_001111.tif;2;10
IRHT_P_001112.tif;2;10
IRHT_P_001113.tif;2;10
IRHT_P_001117.tif;2;10
IRHT_P_001118.tif;2;10
IRHT_P_001119.tif;9;10
IRHT_P_001120.tif;9;10
IRHT_P_001121.tif;2;9
IRHT_P_001122.tif;6;10
IRHT_P_001123.tif;2;10
IRHT_P_001124.tif;2;10
IRHT_P_001125.tif;6;10
IRHT_P_001126.tif;6;10
IRHT_P_001129.tif;2;10
IRHT_P_001130.tif;2;9
IRHT_P_001133.tif;8;10
IRHT_P_001134.tif;2;8
IRHT_P_001135.tif;2;10
IRHT_P_001136.tif;2;8
IRHT_P_001137.tif;2;8
IRHT_P_001138.tif;8;10
IRHT_P_001139.tif;2;10
IRHT_P_001140.tif;7;3
IRHT_P_001141.tif;7;3
IRHT_P_001144.tif;7;4
IRHT_P_001146.tif;7;3
IRHT_P_001147.tif;7;3
IRHT_P_001150.tif;7;3
IRHT_P_001151.tif;7;3
IRHT_P_001152.tif;7;3
IRHT_P_001153.tif;7;3
IRHT_P_001155.tif;7;3
IRHT_P_001158.tif;7;3
IRHT_P_001161.tif;7;3
IRHT_P_001162.tif;7;3
IRHT_P_001168.tif;7;3
IRHT_P_001169.tif;7;3
IRHT_P_001170.tif;7;3
IRHT_P_001171.tif;7;3
IRHT_P_001172.tif;10;7
IRHT_P_001173.tif;11;7
IRHT_P_001175.tif;10;10
IRHT_P_001177.tif;7;3
IRHT_P_001181.tif;7;3
IRHT_P_001182.tif;7;3
IRHT_P_001183.tif;7;3
IRHT_P_001184.tif;7;3
IRHT_P_001185.tif;7;3
IRHT_P_001189.tif;7;3
IRHT_P_001191.tif;7;3
IRHT_P_001194.tif;7;3
IRHT_P_001195.tif;7;3
IRHT_P_001196.tif;7;3
IRHT_P_001198.tif;7;3
IRHT_P_001199.tif;7;3
IRHT_P_001200.tif;7;3
IRHT_P_001201.tif;7;3
IRHT_P_001203.tif;7;3
IRHT_P_001204.tif;7;3
IRHT_P_001205.tif;11;5
IRHT_P_001206.tif;7;3
IRHT_P_001207.tif;7;3
IRHT_P_001208.tif;7;3
IRHT_P_001210.tif;7;3
IRHT_P_001211.tif;7;3
IRHT_P_001212.tif;7;3
IRHT_P_001214.tif;6;10
IRHT_P_001216.tif;7;3
IRHT_P_001217.tif;7;3
IRHT_P_001218.tif;7;3
IRHT_P_001219.tif;7;3
IRHT_P_001220.tif;7;3
IRHT_P_001221.tif;7;3
IRHT_P_001222.tif;7;3
IRHT_P_001223.tif;7;3
IRHT_P_001225.tif;11;4
IRHT_P_001227.tif;7;3
IRHT_P_001228.tif;7;3
IRHT_P_001230.tif;7;3
IRHT_P_001231.tif;11;8
IRHT_P_001232.tif;11;8
IRHT_P_001235.tif;11;4
IRHT_P_001236.tif;11;5
IRHT_P_001238.tif;9;9
IRHT_P_001240.tif;8;10
IRHT_P_001241.tif;9;10
IRHT_P_001242.tif;11;7
IRHT_P_001243.tif;11;7
IRHT_P_001244.tif;5;13
IRHT_P_001250.tif;7;3
IRHT_P_001251.tif;7;3
IRHT_P_001252.tif;11;5
IRHT_P_001253.tif;7;3
IRHT_P_001254.tif;7;3
IRHT_P_001255.tif;8;11
IRHT_P_001257.tif;11;4
IRHT_P_001258.tif;7;3
IRHT_P_001259.tif;7;3
IRHT_P_001260.tif;7;3
IRHT_P_001266.tif;11;6
IRHT_P_001267.tif;7;3
IRHT_P_001268.tif;7;3
IRHT_P_001269.tif;7;3
IRHT_P_001270.tif;7;3
IRHT_P_001271.tif;7;3
IRHT_P_001273.tif;2;8
IRHT_P_001274.tif;11;4
IRHT_P_001275.tif;11;4
IRHT_P_001276.tif;11;4
IRHT_P_001277.tif;11;4
IRHT_P_001278.tif;11;4
IRHT_P_001279.tif;2;9
IRHT_P_001284.tif;6;10
IRHT_P_001286.tif;2;9
IRHT_P_001287.tif;8;9
IRHT_P_001288.tif;6;10
IRHT_P_001527.tif;2;9
IRHT_P_001529.tif;8;9
IRHT_P_001614.tif;10;5
IRHT_P_001615.tif;11;5
IRHT_P_001631.tif;6;9
IRHT_P_001683.tif;1;1
IRHT_P_001684.tif;6;10
IRHT_P_001685.tif;8;10
IRHT_P_001686.tif;8;10
IRHT_P_001687.tif;8;10
IRHT_P_001688.tif;8;10
IRHT_P_001689.tif;8;10
IRHT_P_001694.tif;3;1
IRHT_P_001695.tif;3;1
IRHT_P_001696.tif;3;1
IRHT_P_001697.tif;2;8
IRHT_P_001698.tif;2;8
IRHT_P_001700.tif;7;3
IRHT_P_001701.tif;7;3
IRHT_P_001703.tif;7;3
IRHT_P_001704.tif;9;15
IRHT_P_001705.tif;9;15
IRHT_P_001707.tif;11;4
IRHT_P_001708.tif;2;7
IRHT_P_001709.tif;2;7
IRHT_P_001711.tif;8;11
IRHT_P_001712.tif;2;11
IRHT_P_001713.tif;7;3
IRHT_P_001714.tif;7;3
IRHT_P_001717.tif;6;9
IRHT_P_001722.tif;11;6
IRHT_P_001723.tif;11;6
IRHT_P_001724.tif;11;6
IRHT_P_001725.tif;7;3
IRHT_P_001726.tif;7;3
IRHT_P_001727.tif;7;3
IRHT_P_001729.tif;9;6
IRHT_P_001730.tif;9;6
IRHT_P_001731.tif;9;6
IRHT_P_001736.tif;9;4
IRHT_P_001746.tif;7;3
IRHT_P_001747.tif;7;3
IRHT_P_001748.tif;7;3
IRHT_P_001760.tif;11;5
IRHT_P_001765.tif;11;6
IRHT_P_001766.tif;11;6
IRHT_P_001767.tif;11;6
IRHT_P_001768.tif;11;6
IRHT_P_001769.tif;11;12
IRHT_P_001770.tif;11;12
IRHT_P_001771.tif;11;12
IRHT_P_001779.tif;11;13
IRHT_P_001780.tif;11;13
IRHT_P_001786.tif;11;5
IRHT_P_001787.tif;9;5
IRHT_P_001788.tif;7;3
IRHT_P_001794.tif;9;6
IRHT_P_001795.tif;9;6
IRHT_P_001796.tif;9;6
IRHT_P_001797.tif;9;6
IRHT_P_001798.tif;10;11
IRHT_P_001799.tif;10;11
IRHT_P_001800.tif;10;11
IRHT_P_001801.tif;6;10
IRHT_P_001802.tif;6;10
IRHT_P_001803.tif;8;13
IRHT_P_001804.tif;8;13
IRHT_P_001806.tif;2;10
IRHT_P_001807.tif;8;10
IRHT_P_001808.tif;6;9
IRHT_P_001809.tif;9;9
IRHT_P_001810.tif;8;10
IRHT_P_001811.tif;9;9
IRHT_P_001812.tif;9;9
IRHT_P_001813.tif;6;9
IRHT_P_001814.tif;5;9
IRHT_P_001815.tif;2;9
IRHT_P_001817.tif;9;8
IRHT_P_001818.tif;9;8
IRHT_P_001819.tif;8;10
IRHT_P_001820.tif;8;10
IRHT_P_001821.tif;6;10
IRHT_P_001823.tif;6;10
IRHT_P_001826.tif;6;10
IRHT_P_001827.tif;6;10
IRHT_P_001828.tif;11;5
IRHT_P_001829.tif;11;5
IRHT_P_001830.tif;9;5
IRHT_P_001831.tif;11;6
IRHT_P_001832.tif;9;6
IRHT_P_001833.tif;9;6
IRHT_P_001834.tif;10;5
IRHT_P_001835.tif;10;5
IRHT_P_001836.tif;10;5
IRHT_P_001837.tif;9;10
IRHT_P_001838.tif;9;10
IRHT_P_001839.tif;9;10
IRHT_P_001840.tif;2;11
IRHT_P_001842.tif;2;12
IRHT_P_001843.tif;5;12
IRHT_P_001844.tif;5;12
IRHT_P_001845.tif;6;9
IRHT_P_001846.tif;6;10
IRHT_P_001847.tif;1;2
IRHT_P_001848.tif;1;2
IRHT_P_001853.tif;11;5
IRHT_P_001854.tif;11;5
IRHT_P_001855.tif;11;5
IRHT_P_001916.tif;8;11
IRHT_P_001923.tif;6;10
IRHT_P_001924.tif;11;6
IRHT_P_001925.tif;6;10
IRHT_P_001926.tif;6;10
IRHT_P_001927.tif;8;12
IRHT_P_001928.tif;6;12
IRHT_P_001929.tif;8;12
IRHT_P_001932.tif;4;11
IRHT_P_001933.tif;6;10
IRHT_P_001935.tif;6;10
IRHT_P_001936.tif;6;10
IRHT_P_001938.tif;2;7
IRHT_P_001939.tif;2;7
IRHT_P_001940.tif;8;11
IRHT_P_001941.tif;8;11
IRHT_P_001943.tif;11;6
IRHT_P_001945.tif;10;5
IRHT_P_001946.tif;10;5
IRHT_P_001947.tif;1;1
IRHT_P_001948.tif;1;1
IRHT_P_001949.tif;1;1
IRHT_P_001950.tif;1;1
IRHT_P_001951.tif;1;1
IRHT_P_001952.tif;1;1
IRHT_P_001953.tif;1;1
IRHT_P_001954.tif;1;1
IRHT_P_001955.tif;1;1
IRHT_P_001956.tif;1;1
IRHT_P_001957.tif;1;1
IRHT_P_001959.tif;8;11
IRHT_P_001960.tif;2;10
IRHT_P_001964.tif;6;10
IRHT_P_001965.tif;6;10
IRHT_P_001970.tif;8;10
IRHT_P_001971.tif;6;10
IRHT_P_001972.tif;6;10
IRHT_P_001973.tif;6;10
IRHT_P_001976.tif;1;1
IRHT_P_001977.tif;1;1
IRHT_P_001978.tif;10;5
IRHT_P_001979.tif;1;1
IRHT_P_001980.tif;1;1
IRHT_P_001981.tif;1;1
IRHT_P_001982.tif;1;1
IRHT_P_001983.tif;1;1
IRHT_P_001984.tif;8;10
IRHT_P_001985.tif;8;10
IRHT_P_001986.tif;1;1
IRHT_P_001987.tif;1;1
IRHT_P_001988.tif;1;1
IRHT_P_001989.tif;1;1
IRHT_P_001990.tif;9;10
IRHT_P_001991.tif;9;10
IRHT_P_001992.tif;6;10
IRHT_P_001996.tif;11;10
IRHT_P_001997.tif;11;10
IRHT_P_002002.tif;11;11
IRHT_P_002003.tif;11;11
IRHT_P_002004.tif;11;11
IRHT_P_002005.tif;11;15
IRHT_P_002006.tif;11;15
IRHT_P_002007.tif;11;8
IRHT_P_002008.tif;11;8
IRHT_P_002014.tif;3;1
IRHT_P_002015.tif;3;1
IRHT_P_002016.tif;1;1
IRHT_P_002017.tif;1;1
IRHT_P_002018.tif;1;1
IRHT_P_002019.tif;1;1
IRHT_P_002020.tif;1;1
IRHT_P_002022.tif;1;1
IRHT_P_002023.tif;1;1
IRHT_P_002024.tif;1;1
IRHT_P_002025.tif;7;3
IRHT_P_002027.tif;9;11
IRHT_P_002028.tif;5;11
IRHT_P_002029.tif;2;7
IRHT_P_002030.tif;2;7
IRHT_P_002031.tif;9;10
IRHT_P_002032.tif;11;10
IRHT_P_002037.tif;2;10
IRHT_P_002038.tif;8;10
IRHT_P_002039.tif;11;4
IRHT_P_002040.tif;11;4
IRHT_P_002041.tif;5;14
IRHT_P_002042.tif;5;14
IRHT_P_002043.tif;8;10
IRHT_P_002044.tif;8;10
IRHT_P_002046.tif;2;10
IRHT_P_002047.tif;2;10
IRHT_P_002048.tif;8;10
IRHT_P_002050.tif;2;9
IRHT_P_002051.tif;6;14
IRHT_P_002052.tif;11;7
IRHT_P_002053.tif;11;7
IRHT_P_002058.tif;2;10
IRHT_P_002059.tif;2;10
IRHT_P_002060.tif;4;10
IRHT_P_002061.tif;4;10
IRHT_P_002062.tif;5;10
IRHT_P_002070.tif;2;9
IRHT_P_002071.tif;8;9
IRHT_P_002072.tif;2;8
IRHT_P_002073.tif;2;8
IRHT_P_002074.tif;8;8
IRHT_P_002075.tif;2;8
IRHT_P_002082.tif;11;11
IRHT_P_002083.tif;10;11
IRHT_P_002084.tif;10;11
IRHT_P_002085.tif;8;12
IRHT_P_002086.tif;11;11
IRHT_P_002087.tif;11;11
IRHT_P_002088.tif;2;11
IRHT_P_002094.tif;2;7
IRHT_P_002099.tif;4;11
IRHT_P_002100.tif;10;10
IRHT_P_002103.tif;5;10
IRHT_P_002104.tif;5;10
IRHT_P_002105.tif;7;3
IRHT_P_002107.tif;7;3
IRHT_P_002108.tif;7;3
IRHT_P_002109.tif;1;2
IRHT_P_002110.tif;1;2
IRHT_P_002111.tif;1;2
IRHT_P_002112.tif;1;2
IRHT_P_002113.tif;1;2
IRHT_P_002114.tif;11;12
IRHT_P_002115.tif;7;4
IRHT_P_002116.tif;7;4
IRHT_P_002117.tif;1;2
IRHT_P_002118.tif;11;9
IRHT_P_002119.tif;11;9
IRHT_P_002121.tif;7;3
IRHT_P_002122.tif;1;3
IRHT_P_002123.tif;1;3
IRHT_P_002124.tif;11;4
IRHT_P_002125.tif;9;11
IRHT_P_002126.tif;5;12
IRHT_P_002130.tif;2;12
IRHT_P_002131.tif;1;2
IRHT_P_002132.tif;1;2
IRHT_P_002133.tif;1;2
IRHT_P_002134.tif;7;4
IRHT_P_002135.tif;7;3
IRHT_P_002136.tif;7;3
IRHT_P_002137.tif;7;3
IRHT_P_002138.tif;6;9
IRHT_P_002140.tif;11;12
IRHT_P_002141.tif;2;10
IRHT_P_002142.tif;2;10
IRHT_P_002143.tif;8;10
IRHT_P_002144.tif;11;7
IRHT_P_002145.tif;11;11
IRHT_P_002146.tif;11;12
IRHT_P_002148.tif;11;13
IRHT_P_002149.tif;4;13
IRHT_P_002150.tif;8;14
IRHT_P_002164.tif;8;10
IRHT_P_002165.tif;2;8
IRHT_P_002166.tif;8;11
IRHT_P_002167.tif;6;10
IRHT_P_002168.tif;6;10
IRHT_P_002170.tif;8;9
IRHT_P_002171.tif;5;13
IRHT_P_002172.tif;11;12
IRHT_P_002174.tif;11;6
IRHT_P_002175.tif;11;6
IRHT_P_002176.tif;2;7
IRHT_P_002177.tif;2;7
IRHT_P_002178.tif;9;6
IRHT_P_002179.tif;1;2
IRHT_P_002180.tif;1;2
IRHT_P_002183.tif;2;6
IRHT_P_002184.tif;6;10
IRHT_P_002185.tif;6;10
IRHT_P_002186.tif;6;10
IRHT_P_002187.tif;6;10
IRHT_P_002188.tif;6;11
IRHT_P_002189.tif;6;9
IRHT_P_002190.tif;6;9
IRHT_P_002191.tif;2;9
IRHT_P_002193.tif;6;10
IRHT_P_002194.tif;1;2
IRHT_P_002195.tif;1;2
IRHT_P_002196.tif;6;10
IRHT_P_002198.tif;9;5
IRHT_P_002199.tif;2;9
IRHT_P_002200.tif;9;10
IRHT_P_002201.tif;9;10
IRHT_P_002202.tif;6;10
IRHT_P_002203.tif;8;10
IRHT_P_002204.tif;6;10
IRHT_P_002206.tif;2;9
IRHT_P_002207.tif;2;9
IRHT_P_002208.tif;8;11
IRHT_P_002209.tif;1;1
IRHT_P_002211.tif;6;10
IRHT_P_002212.tif;6;10
IRHT_P_002214.tif;8;11
IRHT_P_002215.tif;2;7
IRHT_P_002216.tif;2;7
IRHT_P_002217.tif;2;7
IRHT_P_002218.tif;2;7
IRHT_P_002220.tif;6;11
IRHT_P_002221.tif;2;8
IRHT_P_002222.tif;2;9
IRHT_P_002223.tif;2;9
IRHT_P_002224.tif;8;10
IRHT_P_002227.tif;2;11
IRHT_P_002228.tif;8;11
IRHT_P_002229.tif;8;11
IRHT_P_002230.tif;6;11
IRHT_P_002231.tif;8;11
IRHT_P_002233.tif;6;11
IRHT_P_002234.tif;6;11
IRHT_P_002238.tif;2;5
IRHT_P_002239.tif;11;5
IRHT_P_002241.tif;7;3
IRHT_P_002242.tif;7;3
IRHT_P_002244.tif;7;3
IRHT_P_002245.tif;7;3
IRHT_P_002246.tif;1;2
IRHT_P_002249.tif;11;6
IRHT_P_002250.tif;11;6
IRHT_P_002251.tif;6;11
IRHT_P_002252.tif;5;11
IRHT_P_002255.tif;6;10
IRHT_P_002257.tif;8;11
IRHT_P_002260.tif;10;7
IRHT_P_002261.tif;11;7
IRHT_P_002262.tif;10;11
IRHT_P_002267.tif;9;10
IRHT_P_002269.tif;5;10
IRHT_P_002270.tif;11;13
IRHT_P_002271.tif;11;13
IRHT_P_002272.tif;11;13
IRHT_P_002273.tif;1;1
IRHT_P_002274.tif;1;1
IRHT_P_002275.tif;1;1
IRHT_P_002276.tif;10;6
IRHT_P_002277.tif;10;6
IRHT_P_002278.tif;9;6
IRHT_P_002283.tif;7;3
IRHT_P_002287.tif;9;4
IRHT_P_002290.tif;7;3
IRHT_P_002291.tif;7;3
IRHT_P_002292.tif;7;3
IRHT_P_002302.tif;9;6
IRHT_P_002305.tif;11;4
IRHT_P_002306.tif;9;4
IRHT_P_002307.tif;11;4
IRHT_P_002319.tif;1;1
IRHT_P_002326.tif;4;10
IRHT_P_002330.tif;11;5
IRHT_P_002331.tif;6;7
IRHT_P_002336.tif;9;7
IRHT_P_002341.tif;2;6
IRHT_P_002342.tif;2;6
IRHT_P_002343.tif;2;6
IRHT_P_002344.tif;9;5
IRHT_P_002348.tif;1;1
IRHT_P_002349.tif;1;1
IRHT_P_002350.tif;2;13
IRHT_P_002358.tif;8;11
IRHT_P_002359.tif;8;11
IRHT_P_002365.tif;6;12
IRHT_P_002367.tif;8;9
IRHT_P_002368.tif;11;5
IRHT_P_002370.tif;8;13
IRHT_P_002372.tif;2;7
IRHT_P_002373.tif;6;12
IRHT_P_002374.tif;4;13
IRHT_P_002375.tif;4;13
IRHT_P_002376.tif;8;8
IRHT_P_002379.tif;11;5
IRHT_P_002380.tif;11;5
IRHT_P_002382.tif;11;10
IRHT_P_002384.tif;11;10
IRHT_P_002385.tif;11;10
IRHT_P_002386.tif;2;11
IRHT_P_002387.tif;2;11
IRHT_P_002388.tif;11;9
IRHT_P_002390.tif;11;9
IRHT_P_002393.tif;11;5
IRHT_P_002395.tif;11;10
IRHT_P_002396.tif;11;10
IRHT_P_002397.tif;11;10
IRHT_P_002398.tif;9;10
IRHT_P_002400.tif;6;10
IRHT_P_002401.tif;6;10
IRHT_P_002403.tif;8;11
IRHT_P_002404.tif;2;10
IRHT_P_002405.tif;6;12
IRHT_P_002406.tif;2;12
IRHT_P_002407.tif;6;12
IRHT_P_002409.tif;6;12
IRHT_P_002410.tif;11;6
IRHT_P_002411.tif;7;3
IRHT_P_002412.tif;7;3
IRHT_P_002413.tif;11;8
IRHT_P_002415.tif;6;12
IRHT_P_002416.tif;8;11
IRHT_P_002421.tif;1;3
IRHT_P_002424.tif;10;11
IRHT_P_002425.tif;10;11
IRHT_P_002429.tif;11;4
IRHT_P_002430.tif;11;4
IRHT_P_002432.tif;11;4
IRHT_P_002433.tif;11;4
IRHT_P_002436.tif;11;4
IRHT_P_002437.tif;11;4
IRHT_P_002438.tif;11;4
IRHT_P_002439.tif;11;4
IRHT_P_002444.tif;1;1
IRHT_P_002445.tif;1;1
IRHT_P_002446.tif;1;1
IRHT_P_002447.tif;1;1
IRHT_P_002448.tif;1;1
IRHT_P_002449.tif;1;1
IRHT_P_002450.tif;1;1
IRHT_P_002451.tif;1;1
IRHT_P_002452.tif;1;1
IRHT_P_002453.tif;1;1
IRHT_P_002454.tif;1;1
IRHT_P_002456.tif;1;1
IRHT_P_002457.tif;1;1
IRHT_P_002458.tif;1;1
IRHT_P_002459.tif;1;1
IRHT_P_002463.tif;1;3
IRHT_P_002464.tif;7;3
IRHT_P_002465.tif;7;3
IRHT_P_002466.tif;11;5
IRHT_P_002472.tif;11;4
IRHT_P_002473.tif;11;4
IRHT_P_002476.tif;6;13
IRHT_P_002477.tif;6;13
IRHT_P_002478.tif;11;5
IRHT_P_002479.tif;11;5
IRHT_P_002480.tif;1;1
IRHT_P_002481.tif;1;1
IRHT_P_002482.tif;12;1
IRHT_P_002487.tif;6;11
IRHT_P_002488.tif;6;11
IRHT_P_002493.tif;1;1
IRHT_P_002494.tif;1;1
IRHT_P_002495.tif;1;1
IRHT_P_002496.tif;1;1
IRHT_P_002497.tif;1;1
IRHT_P_002498.tif;1;1
IRHT_P_002499.tif;2;9
IRHT_P_002503.tif;8;12
IRHT_P_002505.tif;11;5
IRHT_P_002506.tif;11;5
IRHT_P_002507.tif;3;1
IRHT_P_002508.tif;1;1
IRHT_P_002509.tif;3;1
IRHT_P_002510.tif;1;1
IRHT_P_002511.tif;1;3
IRHT_P_002512.tif;1;3
IRHT_P_002514.tif;1;3
IRHT_P_002515.tif;1;3
IRHT_P_002516.tif;1;1
IRHT_P_002517.tif;1;1
IRHT_P_002521.tif;2;11
IRHT_P_002522.tif;2;11
IRHT_P_002523.tif;2;11
IRHT_P_002524.tif;2;11
IRHT_P_002525.tif;11;4
IRHT_P_002526.tif;11;8
IRHT_P_002527.tif;11;8
IRHT_P_002530.tif;2;7
IRHT_P_002531.tif;2;7
IRHT_P_002532.tif;2;7
IRHT_P_002533.tif;2;7
IRHT_P_002570.tif;2;7
IRHT_P_002571.tif;7;4
IRHT_P_002572.tif;7;4
IRHT_P_002575.tif;7;4
IRHT_P_002584.tif;7;3
IRHT_P_002585.tif;11;3
IRHT_P_002587.tif;1;1
IRHT_P_002588.tif;1;1
IRHT_P_002589.tif;1;1
IRHT_P_002591.tif;1;1
IRHT_P_002592.tif;1;2
IRHT_P_002598.tif;1;1
IRHT_P_002599.tif;7;3
IRHT_P_002600.tif;2;7
IRHT_P_002603.tif;2;8
IRHT_P_002604.tif;1;3
IRHT_P_002605.tif;1;3
IRHT_P_002606.tif;1;3
IRHT_P_002607.tif;1;1
IRHT_P_002609.tif;1;1
IRHT_P_002610.tif;1;1
IRHT_P_002614.tif;7;3
IRHT_P_002615.tif;7;3
IRHT_P_002616.tif;1;1
IRHT_P_002617.tif;7;3
IRHT_P_002618.tif;7;3
IRHT_P_002619.tif;7;3
IRHT_P_002621.tif;1;1
IRHT_P_002624.tif;1;1
IRHT_P_002625.tif;7;3
IRHT_P_002627.tif;1;1
IRHT_P_002629.tif;1;1
IRHT_P_002630.tif;1;1
IRHT_P_002632.tif;7;3
IRHT_P_002633.tif;7;3
IRHT_P_002634.tif;7;3
IRHT_P_002635.tif;7;3
IRHT_P_002637.tif;1;1
IRHT_P_002639.tif;1;1
IRHT_P_002640.tif;1;1
IRHT_P_002641.tif;1;1
IRHT_P_002642.tif;7;3
IRHT_P_002643.tif;7;3
IRHT_P_002645.tif;11;4
IRHT_P_002647.tif;7;3
IRHT_P_002648.tif;1;1
IRHT_P_002649.tif;1;1
IRHT_P_002654.tif;7;3
IRHT_P_002659.tif;11;5
IRHT_P_002661.tif;7;3
IRHT_P_002662.tif;7;3
IRHT_P_002663.tif;7;3
IRHT_P_002664.tif;7;3
IRHT_P_002665.tif;1;1
IRHT_P_002666.tif;1;1
IRHT_P_002667.tif;1;1
IRHT_P_002668.tif;11;10
IRHT_P_002669.tif;11;10
IRHT_P_002670.tif;4;15
IRHT_P_002671.tif;11;4
IRHT_P_002673.tif;7;2
IRHT_P_002674.tif;7;2
IRHT_P_002676.tif;7;3
IRHT_P_002677.tif;7;3
IRHT_P_002678.tif;11;4
IRHT_P_002679.tif;11;5
IRHT_P_002680.tif;11;5
IRHT_P_002683.tif;7;3
IRHT_P_002684.tif;7;3
IRHT_P_002685.tif;7;3
IRHT_P_002686.tif;11;5
IRHT_P_002690.tif;8;11
IRHT_P_002691.tif;8;11
IRHT_P_002692.tif;7;3
IRHT_P_002693.tif;7;3
IRHT_P_002696.tif;7;3
IRHT_P_002697.tif;7;3
IRHT_P_002698.tif;7;3
IRHT_P_002699.tif;7;3
IRHT_P_002700.tif;11;4
IRHT_P_002701.tif;11;4
IRHT_P_002702.tif;11;4
IRHT_P_002703.tif;7;3
IRHT_P_002704.tif;1;1
IRHT_P_002705.tif;1;1
IRHT_P_002707.tif;1;1
IRHT_P_002709.tif;7;3
IRHT_P_002710.tif;2;8
IRHT_P_002711.tif;1;1
IRHT_P_002712.tif;1;1
IRHT_P_002713.tif;1;1
IRHT_P_002714.tif;7;3
IRHT_P_002715.tif;7;3
IRHT_P_002716.tif;2;11
IRHT_P_002717.tif;1;1
IRHT_P_002718.tif;1;1
IRHT_P_002719.tif;1;1
IRHT_P_002720.tif;1;1
IRHT_P_002721.tif;7;3
IRHT_P_002723.tif;7;3
IRHT_P_002724.tif;7;3
IRHT_P_002725.tif;11;8
IRHT_P_002726.tif;2;7
IRHT_P_002727.tif;7;3
IRHT_P_002729.tif;1;1
IRHT_P_002731.tif;1;2
IRHT_P_002738.tif;2;6
IRHT_P_002739.tif;2;6
IRHT_P_002742.tif;7;3
IRHT_P_002743.tif;7;3
IRHT_P_002745.tif;7;3
IRHT_P_002746.tif;7;3
IRHT_P_002747.tif;7;3
IRHT_P_002748.tif;11;4
IRHT_P_002750.tif;6;9
IRHT_P_002751.tif;9;6
IRHT_P_002752.tif;6;9
IRHT_P_002753.tif;6;9
IRHT_P_002755.tif;8;5
IRHT_P_002756.tif;11;10
IRHT_P_002757.tif;2;8
IRHT_P_002760.tif;2;8
IRHT_P_002767.tif;10;6
IRHT_P_002768.tif;10;6
IRHT_P_002769.tif;11;6
IRHT_P_002771.tif;2;6
IRHT_P_002775.tif;8;10
IRHT_P_002776.tif;2;7
IRHT_P_002778.tif;11;6
IRHT_P_002780.tif;10;5
IRHT_P_002781.tif;10;5
IRHT_P_002782.tif;2;8
IRHT_P_002783.tif;2;8
IRHT_P_002784.tif;8;10
IRHT_P_002785.tif;8;10
IRHT_P_002794.tif;2;10
IRHT_P_002796.tif;2;7
IRHT_P_002797.tif;11;6
IRHT_P_002800.tif;7;3
IRHT_P_002804.tif;1;1
IRHT_P_002807.tif;2;8
IRHT_P_002808.tif;4;8
IRHT_P_002809.tif;2;8
IRHT_P_002810.tif;2;8
IRHT_P_002811.tif;2;8
IRHT_P_002812.tif;11;5
IRHT_P_002813.tif;2;7
IRHT_P_002814.tif;5;10
IRHT_P_002815.tif;2;8
IRHT_P_002816.tif;2;8
IRHT_P_002817.tif;2;8
IRHT_P_002820.tif;2;8
IRHT_P_002821.tif;2;8
IRHT_P_002826.tif;11;8
IRHT_P_002827.tif;1;1
IRHT_P_002828.tif;11;6
IRHT_P_002829.tif;7;2
IRHT_P_002830.tif;11;8
IRHT_P_002831.tif;11;8
IRHT_P_002832.tif;9;7
IRHT_P_002833.tif;2;7
IRHT_P_002834.tif;8;10
IRHT_P_002836.tif;1;2
IRHT_P_002843.tif;1;3
IRHT_P_002844.tif;7;3
IRHT_P_002845.tif;7;3
IRHT_P_002847.tif;8;10
IRHT_P_002849.tif;2;7
IRHT_P_002850.tif;2;10
IRHT_P_002851.tif;6;11
IRHT_P_002854.tif;4;10
IRHT_P_002857.tif;8;10
IRHT_P_002858.tif;8;10
IRHT_P_002859.tif;9;9
IRHT_P_002860.tif;9;9
IRHT_P_002861.tif;6;9
IRHT_P_002862.tif;5;14
IRHT_P_002863.tif;5;14
IRHT_P_002864.tif;5;13
IRHT_P_002865.tif;5;13
IRHT_P_002866.tif;5;13
IRHT_P_002867.tif;5;13
IRHT_P_002868.tif;5;14
IRHT_P_002869.tif;5;14
IRHT_P_002870.tif;5;14
IRHT_P_002871.tif;6;13
IRHT_P_002872.tif;5;13
IRHT_P_002874.tif;11;5
IRHT_P_002875.tif;11;5
IRHT_P_002876.tif;11;4
IRHT_P_002878.tif;11;4
IRHT_P_002879.tif;11;4
IRHT_P_002880.tif;11;4
IRHT_P_002884.tif;7;3
IRHT_P_002885.tif;7;3
IRHT_P_002890.tif;6;3
IRHT_P_002891.tif;7;3
IRHT_P_002897.tif;7;3
IRHT_P_002905.tif;9;4
IRHT_P_002925.tif;7;3
IRHT_P_002926.tif;7;3
IRHT_P_002943.tif;7;3
IRHT_P_002968.tif;4;11
IRHT_P_002969.tif;4;11
IRHT_P_002976.tif;7;1
IRHT_P_002977.tif;7;1
IRHT_P_002987.tif;11;6
IRHT_P_002988.tif;11;6
IRHT_P_002990.tif;6;12
IRHT_P_002993.tif;1;2
IRHT_P_002995.tif;1;2
IRHT_P_003001.tif;7;3
IRHT_P_003002.tif;7;4
IRHT_P_003004.tif;1;1
IRHT_P_003005.tif;1;1
IRHT_P_003009.tif;1;1
IRHT_P_003010.tif;1;2
IRHT_P_003016.tif;9;4
IRHT_P_003019.tif;6;11
IRHT_P_003022.tif;8;11
IRHT_P_003030.tif;10;11
IRHT_P_003031.tif;10;11
IRHT_P_003040.tif;11;4
IRHT_P_003041.tif;11;4
IRHT_P_003042.tif;4;12
IRHT_P_003046.tif;9;5
IRHT_P_003047.tif;9;5
IRHT_P_003048.tif;9;5
IRHT_P_003056.tif;2;10
IRHT_P_003058.tif;4;12
IRHT_P_003059.tif;4;12
IRHT_P_003072.tif;2;8
IRHT_P_003074.tif;2;11
IRHT_P_003075.tif;8;10
IRHT_P_003076.tif;8;10
IRHT_P_003081.tif;4;9
IRHT_P_003082.tif;4;9
IRHT_P_003092.tif;8;13
IRHT_P_003097.tif;1;2
IRHT_P_003098.tif;1;2
IRHT_P_003099.tif;1;2
IRHT_P_003103.tif;1;2
IRHT_P_003106.tif;1;2
IRHT_P_003109.tif;1;2
IRHT_P_003110.tif;1;2
IRHT_P_003130.tif;2;10
IRHT_P_003131.tif;6;10
IRHT_P_003132.tif;11;10
IRHT_P_003138.tif;11;11
IRHT_P_003140.tif;8;11
IRHT_P_003143.tif;2;8
IRHT_P_003144.tif;2;8
IRHT_P_003149.tif;2;8
IRHT_P_003151.tif;6;9
315556101_MS0187_0005_1.tif;10;6
315556101_MS0187_0010_1.tif;10;6
315556101_MS0214_0005.tif;10;10
315556101_MS0214_0017_1.tif;10;10
315556101_MS0364_0005_1.tif;12;1
315556101_MS0364_0008_1.tif;12;1
315556101_MS0364_0014_1.tif;12;1
315556101_MS0364_0015_1.tif;12;1
315556101_MS0364_0018_1.tif;12;1
315556101_MS0364_0022_1.tif;12;1
315556101_MS0364_0026_1.tif;12;1
315556101_MS0364_0030_1.tif;12;1
315556101_MS0364_0034_1.tif;12;1
315556101_MS0364_0036_1.tif;12;1
315556101_MS0364_0040_1.tif;12;1
315556101_MS0364_0043_1.tif;12;1
315556101_MS0364_0046_1.tif;12;1
315556101_MS0364_0050_1.tif;12;1
IRHT_P_003159.tif;8;10
IRHT_P_003160.tif;8;10
IRHT_P_003163.tif;6;10
IRHT_P_003300.tif;2;8
IRHT_P_003318.tif;2;7
IRHT_P_003323.tif;2;8
IRHT_P_003327.tif;2;9
IRHT_P_003333.tif;8;8
IRHT_P_003334.tif;2;8
IRHT_P_003335.tif;2;8
IRHT_P_003336.tif;8;9
IRHT_P_003340.tif;2;9
IRHT_P_003347.tif;8;10
IRHT_P_003350.tif;8;10
IRHT_P_003352.tif;2;9
IRHT_P_003353.tif;2;9
IRHT_P_003354.tif;2;9
IRHT_P_003359.tif;11;7
IRHT_P_003361.tif;6;11
IRHT_P_003365.tif;2;7
IRHT_P_003366.tif;2;7
IRHT_P_003367.tif;2;7
IRHT_P_003369.tif;6;10
IRHT_P_003371.tif;2;9
IRHT_P_003379.tif;2;10
IRHT_P_003384.tif;8;10
IRHT_P_003387.tif;6;9
IRHT_P_003388.tif;6;9
IRHT_P_003391.tif;1;2
IRHT_P_003392.tif;1;2
IRHT_P_003398.tif;8;9
IRHT_P_003399.tif;8;9
IRHT_P_003403.tif;6;10
IRHT_P_003407.tif;6;11
IRHT_P_003408.tif;6;11
IRHT_P_003414.tif;2;6
IRHT_P_003415.tif;8;6
IRHT_P_003417.tif;2;10
IRHT_P_003418.tif;2;10
IRHT_P_003420.tif;2;8
IRHT_P_003421.tif;6;9
IRHT_P_003422.tif;6;9
IRHT_P_003424.tif;2;10
IRHT_P_003427.tif;8;10
IRHT_P_003429.tif;6;10
IRHT_P_003430.tif;6;9
IRHT_P_003431.tif;6;9
IRHT_P_003432.tif;6;8
IRHT_P_003433.tif;6;9
IRHT_P_003434.tif;6;9
IRHT_P_003435.tif;8;10
IRHT_P_003436.tif;6;9
IRHT_P_003438.tif;2;10
IRHT_P_003440.tif;2;8
IRHT_P_003442.tif;8;9
IRHT_P_003443.tif;2;10
IRHT_P_003444.tif;8;10
IRHT_P_003450.tif;2;9
IRHT_P_003451.tif;6;10
IRHT_P_003459.tif;2;8
IRHT_P_003464.tif;8;11
IRHT_P_003468.tif;5;11
IRHT_P_003469.tif;11;10
IRHT_P_003472.tif;8;11
IRHT_P_003481.tif;6;10
IRHT_P_003488.tif;2;10
IRHT_P_003491.tif;6;10
IRHT_P_003492.tif;2;10
IRHT_P_003494.tif;9;7
IRHT_P_003495.tif;9;7
IRHT_P_003496.tif;9;7
IRHT_P_003498.tif;2;11
IRHT_P_003499.tif;2;10
IRHT_P_003500.tif;6;10
IRHT_P_003507.tif;6;9
IRHT_P_003508.tif;6;9
IRHT_P_003509.tif;2;10
IRHT_P_003512.tif;2;9
IRHT_P_003514.tif;8;11
IRHT_P_003516.tif;6;10
IRHT_P_003517.tif;6;10
IRHT_P_003519.tif;2;11
IRHT_P_003521.tif;6;9
IRHT_P_003525.tif;9;10
IRHT_P_003531.tif;6;9
IRHT_P_003535.tif;7;3
IRHT_P_003537.tif;7;3
IRHT_P_003538.tif;2;7
IRHT_P_003539.tif;2;7
IRHT_P_003541.tif;2;7
IRHT_P_003548.tif;2;7
IRHT_P_003550.tif;9;10
IRHT_P_003551.tif;9;10
IRHT_P_003558.tif;10;7
IRHT_P_003561.tif;11;6
IRHT_P_003565.tif;10;6
IRHT_P_003566.tif;10;6
IRHT_P_003581.tif;9;5
IRHT_P_003587.tif;10;6
IRHT_P_003588.tif;10;6
IRHT_P_003589.tif;10;5
IRHT_P_003590.tif;10;5
IRHT_P_003591.tif;10;5
IRHT_P_003592.tif;11;5
IRHT_P_003594.tif;11;7
IRHT_P_003597.tif;10;10
IRHT_P_003598.tif;10;10
IRHT_P_003599.tif;6;10
IRHT_P_003600.tif;6;10
IRHT_P_003601.tif;6;10
IRHT_P_003602.tif;9;8
IRHT_P_003603.tif;9;8
IRHT_P_003606.tif;10;7
IRHT_P_003607.tif;2;8
IRHT_P_003608.tif;2;8
IRHT_P_003609.tif;2;8
IRHT_P_003610.tif;2;8
IRHT_P_003611.tif;9;6
IRHT_P_003612.tif;9;6
IRHT_P_003614.tif;2;7
IRHT_P_003615.tif;2;7
IRHT_P_003616.tif;2;7
IRHT_P_003619.tif;2;8
IRHT_P_003620.tif;2;8
IRHT_P_003621.tif;10;6
IRHT_P_003622.tif;9;6
IRHT_P_003626.tif;12;1
IRHT_P_003634.tif;10;6
IRHT_P_003638.tif;10;6
IRHT_P_003647.tif;10;6
IRHT_P_003648.tif;10;6
IRHT_P_003649.tif;10;6
IRHT_P_003650.tif;10;6
IRHT_P_003651.tif;9;6
IRHT_P_003652.tif;9;6
IRHT_P_003654.tif;9;6
IRHT_P_003657.tif;11;6
IRHT_P_003658.tif;9;10
IRHT_P_003661.tif;2;11
IRHT_P_003662.tif;8;11
IRHT_P_003663.tif;5;14
IRHT_P_003667.tif;11;9
IRHT_P_003668.tif;2;11
IRHT_P_003669.tif;6;9
IRHT_P_003670.tif;4;10
IRHT_P_003671.tif;11;10
IRHT_P_003672.tif;10;6
IRHT_P_003676.tif;6;10
IRHT_P_003677.tif;6;10
IRHT_P_003682.tif;4;12
IRHT_P_003685.tif;11;10
IRHT_P_003686.tif;11;10
IRHT_P_003692.tif;2;12
IRHT_P_003700.tif;8;11
IRHT_P_003702.tif;9;10
IRHT_P_003707.tif;6;9
IRHT_P_003708.tif;6;9
IRHT_P_003723.tif;1;1
IRHT_P_003724.tif;1;1
IRHT_P_003725.tif;6;9
IRHT_P_003726.tif;6;9
IRHT_P_003730.tif;9;6
IRHT_P_003733.tif;2;8
IRHT_P_003750.tif;1;1
IRHT_P_003755.tif;2;9
IRHT_P_003761.tif;7;3
IRHT_P_003762.tif;7;3
IRHT_P_003765.tif;8;10
IRHT_P_003766.tif;6;10
IRHT_P_003767.tif;2;9
IRHT_P_003770.tif;2;10
IRHT_P_003771.tif;2;10
IRHT_P_003780.tif;9;5
IRHT_P_003786.tif;6;10
IRHT_P_003791.tif;6;10
IRHT_P_003792.tif;8;10
IRHT_P_003794.tif;8;10
IRHT_P_003795.tif;2;9
IRHT_P_003796.tif;2;9
IRHT_P_003798.tif;2;8
IRHT_P_003800.tif;2;8
IRHT_P_003802.tif;9;5
IRHT_P_003804.tif;2;9
IRHT_P_003808.tif;6;10
IRHT_P_003809.tif;6;10
IRHT_P_003810.tif;9;9
IRHT_P_003811.tif;9;9
IRHT_P_003812.tif;1;1
IRHT_P_003813.tif;1;1
IRHT_P_003816.tif;6;8
IRHT_P_003817.tif;6;8
IRHT_P_003820.tif;2;9
IRHT_P_003821.tif;2;9
IRHT_P_003823.tif;11;10
IRHT_P_003824.tif;2;8
IRHT_P_003834.tif;7;3
IRHT_P_003836.tif;7;3
IRHT_P_003841.tif;7;3
IRHT_P_003848.tif;7;3
IRHT_P_003853.tif;10;4
IRHT_P_003859.tif;1;1
IRHT_P_003860.tif;1;1
IRHT_P_003892.tif;9;6
IRHT_P_003900.tif;8;10
IRHT_P_003904.tif;9;4
IRHT_P_003905.tif;9;4
IRHT_P_003911.tif;7;3
IRHT_P_003916.tif;7;3
IRHT_P_003930.tif;9;5
IRHT_P_003932.tif;7;3
IRHT_P_003939.tif;7;3
IRHT_P_003949.tif;7;3
IRHT_P_003951.tif;8;6
IRHT_P_003962.tif;7;3
IRHT_P_003964.tif;7;3
IRHT_P_003966.tif;7;3
IRHT_P_003967.tif;7;3
IRHT_P_003995.tif;7;3
IRHT_P_003999.tif;7;3
IRHT_P_004000.tif;7;3
IRHT_P_004020.tif;7;4
IRHT_P_004021.tif;11;4
IRHT_P_004025.tif;6;9
IRHT_P_004026.tif;6;9
IRHT_P_004032.tif;2;10
IRHT_P_004034.tif;6;9
IRHT_P_004043.tif;2;10
IRHT_P_004045.tif;6;11
IRHT_P_004046.tif;6;11
IRHT_P_004047.tif;6;10
IRHT_P_004050.tif;7;3
IRHT_P_004053.tif;8;9
IRHT_P_004090.tif;7;3
IRHT_P_004094.tif;1;1
IRHT_P_004095.tif;1;1
IRHT_P_004096.tif;1;1
IRHT_P_004097.tif;1;1
IRHT_P_004099.tif;1;1
IRHT_P_004100.tif;1;1
IRHT_P_004105.tif;7;3
IRHT_P_004111.tif;8;10
IRHT_P_004119.tif;7;3
IRHT_P_004122.tif;8;10
IRHT_P_004123.tif;2;10
IRHT_P_004142.tif;9;4
IRHT_P_004143.tif;6;10
IRHT_P_004144.tif;7;3
IRHT_P_004149.tif;2;9
IRHT_P_004150.tif;2;9
IRHT_P_004151.tif;2;9
IRHT_P_004152.tif;8;9
IRHT_P_004155.tif;8;10
IRHT_P_004156.tif;6;10
IRHT_P_004159.tif;8;5
IRHT_P_004160.tif;7;3
IRHT_P_004172.tif;2;10
IRHT_P_004173.tif;8;10
IRHT_P_004175.tif;2;8
IRHT_P_004178.tif;8;10
IRHT_P_004179.tif;2;10
IRHT_P_004181.tif;6;10
IRHT_P_004182.tif;7;3
IRHT_P_004189.tif;2;10
IRHT_P_004190.tif;8;10
IRHT_P_004191.tif;8;10
IRHT_P_004193.tif;8;11
IRHT_P_004194.tif;2;10
IRHT_P_004195.tif;2;10
IRHT_P_004196.tif;8;10
IRHT_P_004211.tif;8;10
IRHT_P_004214.tif;8;10
IRHT_P_004215.tif;2;10
IRHT_P_004222.tif;8;12
IRHT_P_004226.tif;11;4
IRHT_P_004233.tif;9;5
IRHT_P_004234.tif;9;5
IRHT_P_004235.tif;9;5
IRHT_P_004240.tif;11;6
IRHT_P_004244.tif;9;5
IRHT_P_004245.tif;9;5
IRHT_P_004246.tif;11;4
IRHT_P_004247.tif;11;4
IRHT_P_004248.tif;5;15
IRHT_P_004250.tif;11;4
IRHT_P_004251.tif;11;4
IRHT_P_004265.tif;9;10
IRHT_P_004266.tif;2;10
IRHT_P_004268.tif;9;6
IRHT_P_004275.tif;2;5
IRHT_P_004277.tif;2;5
IRHT_P_004280.tif;8;11
IRHT_P_004281.tif;6;11
IRHT_P_004298.tif;1;2
IRHT_P_004303.tif;7;3
IRHT_P_004307.tif;8;10
IRHT_P_004313.tif;3;1
IRHT_P_004314.tif;3;1
IRHT_P_004315.tif;1;1
IRHT_P_004566.tif;11;4
IRHT_P_004570.tif;1;3
IRHT_P_004571.tif;1;3
IRHT_P_004572.tif;1;3
IRHT_P_004574.tif;7;3
IRHT_P_004576.tif;1;3
IRHT_P_004577.tif;1;3
IRHT_P_004578.tif;11;6
IRHT_P_004585.tif;8;8
IRHT_P_004586.tif;6;8
IRHT_P_004591.tif;1;3
IRHT_P_004592.tif;1;3
IRHT_P_004593.tif;1;3
IRHT_P_004597.tif;11;6
IRHT_P_004601.tif;6;9
IRHT_P_004603.tif;7;3
IRHT_P_004605.tif;11;7
IRHT_P_004611.tif;7;3
IRHT_P_004617.tif;9;9
IRHT_P_004618.tif;9;9
IRHT_P_004620.tif;6;9
IRHT_P_004622.tif;9;9
IRHT_P_004625.tif;9;9
IRHT_P_004627.tif;9;9
IRHT_P_004641.tif;7;4
IRHT_P_004652.tif;7;3
IRHT_P_004659.tif;11;4
IRHT_P_004673.tif;1;3
IRHT_P_004678.tif;1;2
IRHT_P_004686.tif;1;3
IRHT_P_004687.tif;7;3
IRHT_P_004688.tif;7;3
IRHT_P_004689.tif;7;3
IRHT_P_004711.tif;11;6
IRHT_P_004713.tif;11;6
IRHT_P_004718.tif;11;4
IRHT_P_004719.tif;11;5
IRHT_P_004735.tif;6;10
IRHT_P_004736.tif;6;12
IRHT_P_004737.tif;6;12
IRHT_P_004738.tif;9;10
IRHT_P_004739.tif;6;10
IRHT_P_004778.tif;11;10
IRHT_P_004785.tif;6;9
IRHT_P_004786.tif;2;9
IRHT_P_004787.tif;2;9
IRHT_P_004788.tif;2;9
IRHT_P_004789.tif;2;9
IRHT_P_004797.tif;7;3
IRHT_P_004798.tif;4;13
IRHT_P_004799.tif;4;13
IRHT_P_004800.tif;6;10
IRHT_P_004801.tif;6;12
IRHT_P_004802.tif;8;10
IRHT_P_004805.tif;8;6
IRHT_P_004809.tif;1;1
IRHT_P_004810.tif;1;1
IRHT_P_004813.tif;10;6
IRHT_P_004814.tif;9;8
IRHT_P_004815.tif;10;7
IRHT_P_004817.tif;10;6
IRHT_P_004819.tif;10;10
IRHT_P_004821.tif;2;8
IRHT_P_004823.tif;2;7
IRHT_P_004824.tif;2;10
IRHT_P_004826.tif;5;10
IRHT_P_004827.tif;5;15
IRHT_P_004835.tif;8;13
IRHT_P_004848.tif;8;10
IRHT_P_004852.tif;2;7
IRHT_P_004853.tif;6;13
IRHT_P_004859.tif;4;11
IRHT_P_004861.tif;4;10
IRHT_P_004862.tif;4;11
IRHT_P_004863.tif;4;10
IRHT_P_004864.tif;4;10
IRHT_P_004866.tif;4;11
IRHT_P_004868.tif;6;14
IRHT_P_004869.tif;9;12
IRHT_P_004871.tif;8;12
IRHT_P_004875.tif;11;9
IRHT_P_004881.tif;8;10
IRHT_P_004882.tif;6;12
IRHT_P_004883.tif;6;12
IRHT_P_004887.tif;5;10
IRHT_P_004889.tif;5;12
IRHT_P_004892.tif;5;10
IRHT_P_004895.tif;5;11
IRHT_P_004896.tif;5;13
IRHT_P_004899.tif;6;10
IRHT_P_004901.tif;10;6
IRHT_P_004904.tif;10;7
IRHT_P_004905.tif;10;7
IRHT_P_004906.tif;10;8
IRHT_P_004908.tif;10;6
IRHT_P_004909.tif;10;11
IRHT_P_004910.tif;10;8
IRHT_P_004911.tif;10;7
IRHT_P_004915.tif;10;8
IRHT_P_004916.tif;10;6
IRHT_P_004918.tif;9;6
IRHT_P_004924.tif;9;7
IRHT_P_004928.tif;9;5
IRHT_P_004930.tif;9;5
IRHT_P_004933.tif;11;4
IRHT_P_004934.tif;9;5
IRHT_P_004935.tif;11;5
IRHT_P_004939.tif;11;5
IRHT_P_004940.tif;9;6
IRHT_P_004944.tif;9;6
IRHT_P_004946.tif;9;5
IRHT_P_004949.tif;9;5
IRHT_P_004950.tif;9;5
IRHT_P_004951.tif;9;6
IRHT_P_004955.tif;11;6
IRHT_P_004956.tif;11;6
IRHT_P_004959.tif;3;1
IRHT_P_004960.tif;12;1
IRHT_P_004961.tif;3;1
IRHT_P_004965.tif;3;1
IRHT_P_004966.tif;3;1
IRHT_P_004968.tif;3;1
IRHT_P_004969.tif;3;1
IRHT_P_004971.tif;3;1
IRHT_P_004973.tif;12;1
IRHT_P_004974.tif;12;1
IRHT_P_004975.tif;3;1
IRHT_P_004977.tif;3;1
IRHT_P_004978.tif;12;1
IRHT_P_004982.tif;3;1
IRHT_P_004983.tif;3;1
IRHT_P_004984.tif;1;1
IRHT_P_004985.tif;12;1
IRHT_P_004986.tif;3;1
IRHT_P_004987.tif;3;1
IRHT_P_004994.tif;9;9
IRHT_P_004995.tif;9;10
IRHT_P_004996.tif;9;11
IRHT_P_004999.tif;4;9
IRHT_P_005000.tif;9;9
IRHT_P_005004.tif;9;5
IRHT_P_005005.tif;10;8
IRHT_P_005006.tif;5;15
IRHT_P_005007.tif;5;13
IRHT_P_005008.tif;5;14
IRHT_P_005009.tif;5;14
IRHT_P_005010.tif;5;13
IRHT_P_005011.tif;5;12
IRHT_P_005013.tif;5;13
IRHT_P_005014.tif;5;15
IRHT_P_005015.tif;7;3
IRHT_P_005016.tif;7;2
IRHT_P_005018.tif;7;3
IRHT_P_005019.tif;7;3
IRHT_P_005020.tif;7;3
IRHT_P_005022.tif;1;3
IRHT_P_005023.tif;7;3
IRHT_P_005024.tif;1;3
IRHT_P_005026.tif;7;3
IRHT_P_005028.tif;7;3
IRHT_P_005031.tif;7;3
IRHT_P_005037.tif;6;9
IRHT_P_005038.tif;8;6
IRHT_P_005047.tif;2;5
IRHT_P_005048.tif;2;7
IRHT_P_005051.tif;11;3
IRHT_P_005054.tif;11;5
IRHT_P_005060.tif;11;4
IRHT_P_005061.tif;11;8
IRHT_P_005068.tif;1;1
IRHT_P_005069.tif;1;2
IRHT_P_005070.tif;1;1
IRHT_P_005072.tif;1;1
IRHT_P_005073.tif;1;1
IRHT_P_005075.tif;1;1
IRHT_P_005076.tif;1;1
IRHT_P_005077.tif;1;1
IRHT_P_005078.tif;1;1
IRHT_P_005079.tif;1;1
IRHT_P_005080.tif;1;1
IRHT_P_005081.tif;1;1
IRHT_P_005083.tif;1;2
IRHT_P_005084.tif;1;2
IRHT_P_005087.tif;1;1
IRHT_P_005088.tif;1;3
IRHT_P_005092.tif;1;2
IRHT_P_005093.tif;1;1
IRHT_P_005094.tif;1;2
IRHT_P_005095.tif;1;2
IRHT_P_005096.tif;1;1
IRHT_P_005098.tif;1;3
IRHT_P_005106.tif;11;14
IRHT_P_005121.tif;11;14
IRHT_P_005122.tif;11;14
IRHT_P_005126.tif;11;8
IRHT_P_005127.tif;11;10
IRHT_P_005133.tif;11;11
IRHT_P_005140.tif;11;4
IRHT_P_005141.tif;11;4
IRHT_P_005150.tif;11;4
IRHT_P_005152.tif;11;5
IRHT_P_005154.tif;11;4
IRHT_P_005162.tif;9;8
IRHT_P_005167.tif;9;5
IRHT_P_005168.tif;9;5
IRHT_P_005169.tif;9;5
IRHT_P_005170.tif;9;5
IRHT_P_005172.tif;9;5
IRHT_P_005175.tif;9;5
IRHT_P_005177.tif;9;5
IRHT_P_005178.tif;9;5
IRHT_P_005181.tif;11;5
IRHT_P_005187.tif;1;2
IRHT_P_005189.tif;7;3
IRHT_P_005191.tif;1;3
IRHT_P_005192.tif;8;6
IRHT_P_005193.tif;9;12
IRHT_P_005195.tif;8;10
IRHT_P_005197.tif;6;10
IRHT_P_005199.tif;6;10
IRHT_P_005206.tif;6;9
IRHT_P_005211.tif;11;4
IRHT_P_005220.tif;7;3
IRHT_P_005224.tif;1;3
IRHT_P_005226.tif;7;3
IRHT_P_005227.tif;7;3
IRHT_P_005230.tif;7;4
IRHT_P_005239.tif;1;2
IRHT_P_005240.tif;9;4
IRHT_P_005241.tif;8;5
IRHT_P_005243.tif;6;4
IRHT_P_005248.tif;2;8
IRHT_P_005258.tif;8;11
IRHT_P_005261.tif;6;10
IRHT_P_005262.tif;2;7
IRHT_P_005264.tif;6;10
IRHT_P_005271.tif;2;7
IRHT_P_005272.tif;1;1
IRHT_P_005276.tif;6;7
IRHT_P_005278.tif;11;6
IRHT_P_005282.tif;8;10
IRHT_P_005286.tif;9;7
IRHT_P_005288.tif;6;10
IRHT_P_005291.tif;2;8
IRHT_P_005295.tif;6;10
IRHT_P_005297.tif;9;10
IRHT_P_005300.tif;9;4
IRHT_P_005301.tif;11;6
IRHT_P_005304.tif;11;5
IRHT_P_005309.tif;11;6
IRHT_P_005312.tif;11;8
IRHT_P_005317.tif;10;5
IRHT_P_005318.tif;10;6
IRHT_P_005326.tif;6;10
IRHT_P_005360.tif;12;1
IRHT_P_005365.tif;12;1
IRHT_P_005367.tif;6;10
IRHT_P_005368.tif;4;10
IRHT_P_005392.tif;7;3
IRHT_P_005393.tif;4;11
IRHT_P_005399.tif;3;1
IRHT_P_005407.tif;7;3
IRHT_P_005409.tif;4;10
IRHT_P_005410.tif;4;10
IRHT_P_005411.tif;4;10
IRHT_P_005413.tif;4;10
IRHT_P_005414.tif;4;10
IRHT_P_005415.tif;10;7
IRHT_P_005430.tif;11;6
IRHT_P_005432.tif;11;6
IRHT_P_005435.tif;11;8
IRHT_P_005436.tif;11;14
IRHT_P_005437.tif;10;6
IRHT_P_005438.tif;10;6
IRHT_P_005439.tif;11;14
IRHT_P_005443.tif;2;12
IRHT_P_005447.tif;6;10
IRHT_P_005448.tif;6;10
IRHT_P_005449.tif;5;15
IRHT_P_005451.tif;11;6
IRHT_P_005452.tif;2;9
IRHT_P_005453.tif;5;13
IRHT_P_005454.tif;5;15
IRHT_P_005458.tif;4;10
IRHT_P_005459.tif;6;10
IRHT_P_005460.tif;6;8
IRHT_P_005461.tif;9;9
IRHT_P_005462.tif;10;12
IRHT_P_005463.tif;6;11
IRHT_P_005465.tif;6;10
IRHT_P_005466.tif;6;10
IRHT_P_005468.tif;7;3
IRHT_P_005469.tif;7;3
IRHT_P_005470.tif;7;3
IRHT_P_005471.tif;7;3
IRHT_P_005481.tif;11;4
IRHT_P_005482.tif;11;4
IRHT_P_005485.tif;4;10
IRHT_P_005486.tif;4;10
IRHT_P_005487.tif;8;11
IRHT_P_005488.tif;2;11
IRHT_P_005489.tif;7;3
IRHT_P_005490.tif;7;3
IRHT_P_005491.tif;7;3
IRHT_P_005578.tif;9;4
IRHT_P_005579.tif;1;1
IRHT_P_005589.tif;7;3
IRHT_P_005590.tif;7;3
IRHT_P_005591.tif;7;3
IRHT_P_005592.tif;6;9
IRHT_P_005593.tif;6;9
IRHT_P_005601.tif;11;4
IRHT_P_005602.tif;11;4
IRHT_P_005603.tif;11;4
IRHT_P_005604.tif;11;8
IRHT_P_005605.tif;11;8
IRHT_P_005606.tif;11;11
IRHT_P_005607.tif;11;11
IRHT_P_005621.tif;7;3
IRHT_P_005624.tif;11;4
IRHT_P_005625.tif;11;4
IRHT_P_005626.tif;11;8
IRHT_P_005627.tif;11;8
IRHT_P_005628.tif;9;5
IRHT_P_005629.tif;9;5
IRHT_P_005630.tif;6;11
IRHT_P_005631.tif;6;11
IRHT_P_005633.tif;11;11
IRHT_P_005634.tif;11;11
IRHT_P_005641.tif;11;5
IRHT_P_005642.tif;11;5
IRHT_P_005644.tif;2;11
IRHT_P_005645.tif;2;11
IRHT_P_005646.tif;2;11
IRHT_P_005647.tif;2;11
IRHT_P_005650.tif;2;12
IRHT_P_005651.tif;2;12
IRHT_P_005652.tif;2;12
IRHT_P_005653.tif;11;9
IRHT_P_005654.tif;11;9
IRHT_P_005658.tif;11;7
IRHT_P_005659.tif;7;3
IRHT_P_005660.tif;7;3
IRHT_P_005662.tif;7;3
IRHT_P_005663.tif;7;3
IRHT_P_005664.tif;7;3
IRHT_P_005665.tif;7;3
IRHT_P_005670.tif;7;3
IRHT_P_005671.tif;7;3
IRHT_P_005674.tif;9;4
IRHT_P_005676.tif;11;4
IRHT_P_005677.tif;11;4
IRHT_P_005678.tif;11;4
IRHT_P_005679.tif;8;10
IRHT_P_005680.tif;8;10
IRHT_P_005681.tif;8;10
IRHT_P_005682.tif;8;10
IRHT_P_005684.tif;8;10
IRHT_P_005685.tif;8;10
IRHT_P_005686.tif;6;10
IRHT_P_005687.tif;6;10
IRHT_P_005695.tif;11;6
IRHT_P_005702.tif;11;5
IRHT_P_005703.tif;9;5
IRHT_P_005705.tif;9;5
IRHT_P_005706.tif;9;6
IRHT_P_005708.tif;10;6
IRHT_P_005710.tif;2;8
IRHT_P_005711.tif;2;8
IRHT_P_005717.tif;2;7
IRHT_P_005718.tif;11;6
IRHT_P_005719.tif;11;6
IRHT_P_005720.tif;9;6
IRHT_P_005721.tif;11;7
IRHT_P_005722.tif;11;7
IRHT_P_005723.tif;1;1
IRHT_P_005724.tif;1;1
IRHT_P_005725.tif;1;1
IRHT_P_005726.tif;1;1
IRHT_P_005727.tif;1;1
IRHT_P_005738.tif;11;5
IRHT_P_005739.tif;11;5
IRHT_P_005753.tif;2;8
IRHT_P_005754.tif;2;8
IRHT_P_005755.tif;6;8
IRHT_P_005757.tif;11;13
IRHT_P_005905.tif;7;3
IRHT_P_005906.tif;7;3
IRHT_P_005910.tif;7;3
IRHT_P_005912.tif;9;6
IRHT_P_005914.tif;3;1
IRHT_P_005915.tif;12;1
IRHT_P_005917.tif;7;3
IRHT_P_005918.tif;2;11
IRHT_P_005922.tif;6;10
IRHT_P_005923.tif;6;10
IRHT_P_005924.tif;8;10
IRHT_P_005925.tif;8;10
IRHT_P_005931.tif;2;8
IRHT_P_005943.tif;11;12
IRHT_P_005946.tif;7;3
IRHT_P_005952.tif;6;9
IRHT_P_005953.tif;6;9
IRHT_P_005954.tif;7;3
IRHT_P_005959.tif;5;13
IRHT_P_005960.tif;8;13
IRHT_P_005962.tif;7;3
IRHT_P_005963.tif;11;5
IRHT_P_005964.tif;7;3
IRHT_P_005966.tif;11;11
IRHT_P_005971.tif;11;7
IRHT_P_005973.tif;7;3
IRHT_P_005976.tif;4;13
IRHT_P_005979.tif;8;11
IRHT_P_005980.tif;8;11
IRHT_P_005982.tif;10;6
IRHT_P_005984.tif;6;10
IRHT_P_005986.tif;6;8
IRHT_P_005987.tif;8;11
IRHT_P_005988.tif;8;6
IRHT_P_005990.tif;2;9
IRHT_P_005991.tif;2;9
IRHT_P_005994.tif;11;7
IRHT_P_005995.tif;11;7
IRHT_P_005996.tif;11;7
IRHT_P_006003.tif;1;1
IRHT_P_006004.tif;1;1
IRHT_P_006006.tif;11;7
IRHT_P_006007.tif;10;7
IRHT_P_006008.tif;7;2
IRHT_P_006011.tif;11;4
IRHT_P_006012.tif;11;4
IRHT_P_006013.tif;11;4
IRHT_P_006014.tif;7;3
IRHT_P_006015.tif;7;3
IRHT_P_006016.tif;7;3
IRHT_P_006017.tif;11;4
IRHT_P_006018.tif;11;4
IRHT_P_006019.tif;11;4
IRHT_P_006024.tif;7;2
IRHT_P_006025.tif;7;2
IRHT_P_006028.tif;7;2
IRHT_P_006029.tif;7;2
IRHT_P_006048.tif;7;2
IRHT_P_006049.tif;7;2
IRHT_P_006055.tif;7;3
IRHT_P_006056.tif;7;3
IRHT_P_006085.tif;7;3
IRHT_P_006086.tif;7;3
IRHT_P_006087.tif;7;3
IRHT_P_006096.tif;9;5
IRHT_P_006097.tif;9;5
IRHT_P_006100.tif;7;3
IRHT_P_006102.tif;7;3
IRHT_P_006103.tif;7;3
IRHT_P_006109.tif;7;3
IRHT_P_006115.tif;11;10
IRHT_P_006116.tif;11;10
IRHT_P_006119.tif;11;10
IRHT_P_006120.tif;11;10
IRHT_P_006121.tif;11;7
IRHT_P_006122.tif;2;7
IRHT_P_006124.tif;1;1
IRHT_P_006128.tif;2;8
IRHT_P_006129.tif;2;8
IRHT_P_006130.tif;2;10
IRHT_P_006131.tif;2;10
IRHT_P_006134.tif;11;15
IRHT_P_006135.tif;11;15
IRHT_P_006136.tif;11;15
IRHT_P_006139.tif;2;12
IRHT_P_006140.tif;2;12
IRHT_P_006143.tif;2;9
IRHT_P_006144.tif;2;9
IRHT_P_006145.tif;8;9
IRHT_P_006146.tif;11;11
IRHT_P_006163.tif;9;6
IRHT_P_006166.tif;2;8
IRHT_P_006168.tif;8;10
IRHT_P_006169.tif;8;10
IRHT_P_006223.tif;10;7
IRHT_P_006224.tif;10;7
IRHT_P_006225.tif;11;11
IRHT_P_006227.tif;11;12
IRHT_P_006228.tif;11;12
IRHT_P_006229.tif;11;10
IRHT_P_006236.tif;6;12
IRHT_P_006237.tif;6;12
IRHT_P_006240.tif;11;8
IRHT_P_006246.tif;7;3
IRHT_P_006250.tif;8;10
IRHT_P_006251.tif;8;10
IRHT_P_006252.tif;2;8
IRHT_P_006253.tif;2;8
IRHT_P_006259.tif;2;11
IRHT_P_006260.tif;2;11
IRHT_P_006261.tif;6;12
IRHT_P_006262.tif;6;12
IRHT_P_006267.tif;11;5
IRHT_P_006269.tif;10;7
IRHT_P_006272.tif;10;8
IRHT_P_006276.tif;1;1
IRHT_P_006277.tif;5;14
IRHT_P_006278.tif;5;12
IRHT_P_006279.tif;3;1
IRHT_P_006280.tif;1;1
IRHT_P_006281.tif;1;1
IRHT_P_006289.tif;6;10
IRHT_P_006301.tif;10;7
IRHT_P_006302.tif;10;7
IRHT_P_006303.tif;10;7
IRHT_P_006304.tif;10;6
IRHT_P_006305.tif;10;6
IRHT_P_006306.tif;10;6
IRHT_P_006308.tif;2;10
IRHT_P_006312.tif;10;13
IRHT_P_006321.tif;10;11
IRHT_P_006326.tif;9;6
IRHT_P_006327.tif;9;6
IRHT_P_006328.tif;9;5
IRHT_P_006330.tif;9;5
IRHT_P_006333.tif;10;11
IRHT_P_006334.tif;10;11
IRHT_P_006335.tif;5;13
IRHT_P_006336.tif;5;13
IRHT_P_006338.tif;8;10
IRHT_P_006339.tif;8;10
IRHT_P_006340.tif;4;10
IRHT_P_006341.tif;4;10
IRHT_P_006342.tif;10;6
IRHT_P_006343.tif;10;8
IRHT_P_006344.tif;10;8
IRHT_P_006345.tif;11;6
IRHT_P_006350.tif;10;7
IRHT_P_006357.tif;10;6
IRHT_P_006358.tif;10;6
IRHT_P_006371.tif;7;3
IRHT_P_006372.tif;7;3
IRHT_P_006375.tif;10;8
IRHT_P_006376.tif;6;10
IRHT_P_006378.tif;9;3
IRHT_P_006380.tif;5;12
IRHT_P_006381.tif;5;12
IRHT_P_006382.tif;8;10
IRHT_P_006388.tif;10;11
IRHT_P_006400.tif;4;15
IRHT_P_006401.tif;1;1
IRHT_P_006415.tif;9;10
IRHT_P_006416.tif;9;10
IRHT_P_006420.tif;6;10
IRHT_P_006447.tif;5;13
IRHT_P_006456.tif;1;1
IRHT_P_006457.tif;1;1
IRHT_P_006458.tif;1;1
IRHT_P_006461.tif;7;3
IRHT_P_006462.tif;1;3
IRHT_P_006466.tif;7;3
IRHT_P_006471.tif;4;11
IRHT_P_006474.tif;6;7
IRHT_P_006475.tif;9;10
IRHT_P_006480.tif;6;11
IRHT_P_006481.tif;6;11
IRHT_P_006494.tif;1;1
IRHT_P_006495.tif;1;1
IRHT_P_006496.tif;1;1
IRHT_P_006497.tif;1;1
IRHT_P_006498.tif;1;1
IRHT_P_006505.tif;4;11
IRHT_P_006506.tif;4;11
IRHT_P_006519.tif;9;6
IRHT_P_006520.tif;9;6
IRHT_P_006527.tif;1;1
IRHT_P_006528.tif;1;1
IRHT_P_006529.tif;1;1
IRHT_P_006531.tif;7;3
IRHT_P_006532.tif;7;3
IRHT_P_006534.tif;7;3
IRHT_P_006535.tif;7;3
IRHT_P_006536.tif;7;3
IRHT_P_006538.tif;7;3
IRHT_P_006539.tif;7;3
IRHT_P_006540.tif;10;10
IRHT_P_006542.tif;10;6
IRHT_P_006548.tif;4;12
IRHT_P_006549.tif;7;3
IRHT_P_006550.tif;7;3
IRHT_P_006551.tif;7;3
IRHT_P_006570.tif;1;1
IRHT_P_006576.tif;10;11
IRHT_P_006582.tif;1;2
IRHT_P_006586.tif;7;3
IRHT_P_006600.tif;8;10
IRHT_P_006603.tif;9;4
IRHT_P_006619.tif;7;3
IRHT_P_006624.tif;6;10
IRHT_P_006627.tif;10;9
IRHT_P_006633.tif;7;3
IRHT_P_006634.tif;7;3
IRHT_P_006635.tif;7;3
IRHT_P_006638.tif;6;10
IRHT_P_006639.tif;9;4
IRHT_P_006640.tif;9;3
IRHT_P_006651.tif;1;1
IRHT_P_006652.tif;6;9
IRHT_P_006661.tif;6;9
IRHT_P_006664.tif;5;9
IRHT_P_006665.tif;6;10
IRHT_P_006670.tif;4;11
IRHT_P_006680.tif;9;10
IRHT_P_006681.tif;6;10
IRHT_P_006682.tif;6;9
IRHT_P_006701.tif;4;10
IRHT_P_006702.tif;9;4
IRHT_P_006705.tif;6;10
IRHT_P_006711.tif;8;7
IRHT_P_006718.tif;9;10
IRHT_P_006719.tif;9;10
IRHT_P_006721.tif;8;11
IRHT_P_006726.tif;8;5
IRHT_P_006728.tif;7;3
IRHT_P_006729.tif;7;3
IRHT_P_006733.tif;8;6
IRHT_P_006740.tif;8;10
IRHT_P_006741.tif;8;10
IRHT_P_006748.tif;6;10
IRHT_P_006749.tif;6;10
IRHT_P_006757.tif;9;4
IRHT_P_006764.tif;6;10
IRHT_P_006768.tif;8;10
IRHT_P_006770.tif;5;12
IRHT_P_006787.tif;1;2
IRHT_P_006794.tif;7;3
IRHT_P_006796.tif;7;3
IRHT_P_006798.tif;7;3
IRHT_P_006803.tif;10;6
IRHT_P_006804.tif;10;6
IRHT_P_006813.tif;8;9
IRHT_P_006814.tif;8;9
IRHT_P_006816.tif;10;7
IRHT_P_006820.tif;4;10
IRHT_P_006821.tif;6;10
IRHT_P_006825.tif;9;11
IRHT_P_006826.tif;9;11
IRHT_P_006827.tif;9;10
IRHT_P_006832.tif;9;5
IRHT_P_006833.tif;9;5
IRHT_P_006834.tif;9;5
IRHT_P_006835.tif;9;5
IRHT_P_006837.tif;7;3
IRHT_P_006838.tif;7;3
IRHT_P_006844.tif;6;12
IRHT_P_006849.tif;4;11
IRHT_P_006850.tif;4;11
IRHT_P_006851.tif;8;11
IRHT_P_006854.tif;1;1
IRHT_P_006855.tif;10;5
IRHT_P_006856.tif;10;5
IRHT_P_006857.tif;6;10
IRHT_P_006866.tif;8;10
IRHT_P_006875.tif;5;12
IRHT_P_006878.tif;8;11
IRHT_P_006879.tif;8;11
IRHT_P_006880.tif;3;1
IRHT_P_006881.tif;9;9
IRHT_P_006882.tif;6;9
IRHT_P_006884.tif;5;11
IRHT_P_006885.tif;5;11
IRHT_P_006888.tif;10;9
IRHT_P_006890.tif;5;14
IRHT_P_006891.tif;4;10
IRHT_P_006892.tif;4;10
IRHT_P_006893.tif;4;10
IRHT_P_006898.tif;5;12
IRHT_P_006901.tif;5;10
IRHT_P_006902.tif;9;6
IRHT_P_006903.tif;9;6
IRHT_P_006904.tif;9;6
IRHT_P_006910.tif;4;10
IRHT_P_006914.tif;8;11
IRHT_P_006917.tif;4;10
IRHT_P_006920.tif;5;10
IRHT_P_006921.tif;5;15
IRHT_P_006922.tif;8;10
IRHT_P_006924.tif;8;10
IRHT_P_006929.tif;10;8
IRHT_P_006934.tif;7;3
IRHT_P_006936.tif;4;11
IRHT_P_006937.tif;4;11
IRHT_P_006938.tif;7;3
IRHT_P_006943.tif;10;8
IRHT_P_006945.tif;7;3
IRHT_P_006946.tif;7;3
IRHT_P_006947.tif;10;8
IRHT_P_006951.tif;9;6
IRHT_P_006952.tif;9;6
IRHT_P_006965.tif;1;2
IRHT_P_006967.tif;1;2
IRHT_P_006975.tif;10;7
IRHT_P_006984.tif;1;1
IRHT_P_006985.tif;1;1
IRHT_P_006987.tif;4;10
IRHT_P_006991.tif;1;1
IRHT_P_007001.tif;4;9
IRHT_P_007002.tif;4;9
IRHT_P_007003.tif;9;7
IRHT_P_007011.tif;4;10
IRHT_P_007016.tif;4;10
IRHT_P_007017.tif;5;10
IRHT_P_007021.tif;5;11
IRHT_P_007022.tif;5;13
IRHT_P_007023.tif;10;7
IRHT_P_007024.tif;5;10
IRHT_P_007026.tif;4;9
IRHT_P_007027.tif;4;9
IRHT_P_007028.tif;4;10
IRHT_P_007030.tif;4;10
IRHT_P_007031.tif;10;8
IRHT_P_007032.tif;10;8
IRHT_P_007038.tif;4;10
IRHT_P_007039.tif;4;10
IRHT_P_007040.tif;4;12
IRHT_P_007044.tif;4;12
IRHT_P_007045.tif;4;12
IRHT_P_007050.tif;9;11
IRHT_P_007051.tif;9;11
IRHT_P_007052.tif;10;11
IRHT_P_007054.tif;9;7
IRHT_P_007055.tif;9;7
IRHT_P_007056.tif;9;7
IRHT_P_007058.tif;10;7
IRHT_P_007059.tif;10;7
IRHT_P_007069.tif;9;10
IRHT_P_007075.tif;4;9
IRHT_P_007076.tif;5;10
IRHT_P_007077.tif;9;7
IRHT_P_007080.tif;7;3
IRHT_P_007081.tif;5;11
IRHT_P_007083.tif;5;9
IRHT_P_007084.tif;4;10
IRHT_P_007086.tif;4;10
IRHT_P_007087.tif;5;9
IRHT_P_007092.tif;4;12
IRHT_P_007093.tif;5;12
IRHT_P_007094.tif;4;12
IRHT_P_007095.tif;8;10
IRHT_P_007097.tif;4;11
IRHT_P_007098.tif;4;11
IRHT_P_007100.tif;4;9
IRHT_P_007104.tif;9;6
IRHT_P_007107.tif;10;7
IRHT_P_007108.tif;10;7
IRHT_P_007110.tif;9;7
IRHT_P_007111.tif;9;9
IRHT_P_007118.tif;4;10
IRHT_P_007119.tif;4;10
IRHT_P_007120.tif;4;10
IRHT_P_007122.tif;4;12
IRHT_P_007124.tif;9;7
IRHT_P_007126.tif;10;7
IRHT_P_007134.tif;8;9
IRHT_P_007135.tif;8;9
IRHT_P_007136.tif;8;9
IRHT_P_007139.tif;10;6
IRHT_P_007140.tif;10;7
IRHT_P_007151.tif;9;10
IRHT_P_007152.tif;10;11
IRHT_P_007153.tif;10;11
IRHT_P_007158.tif;10;7
IRHT_P_007161.tif;4;10
IRHT_P_007162.tif;5;10
IRHT_P_007170.tif;4;10
IRHT_P_007177.tif;5;10
IRHT_P_007180.tif;5;13
IRHT_P_007182.tif;9;10
IRHT_P_007183.tif;8;10
IRHT_P_007189.tif;8;11
IRHT_P_007191.tif;4;10
IRHT_P_007192.tif;5;13
IRHT_P_007196.tif;8;11
IRHT_P_007197.tif;9;5
IRHT_P_007202.tif;4;11
IRHT_P_007208.tif;5;9
IRHT_P_007210.tif;6;10
IRHT_P_007225.tif;9;10
IRHT_P_007226.tif;9;7
IRHT_P_007227.tif;9;5
IRHT_P_007228.tif;9;6
IRHT_P_007236.tif;9;10
IRHT_P_007237.tif;10;10
IRHT_P_007239.tif;5;11
IRHT_P_007241.tif;4;9
IRHT_P_007255.tif;5;12
IRHT_P_007260.tif;4;10
IRHT_P_007261.tif;4;10
IRHT_P_007262.tif;4;10
IRHT_P_007263.tif;4;10
IRHT_P_007265.tif;4;9
IRHT_P_007274.tif;5;13
IRHT_P_007280.tif;8;10
IRHT_P_007283.tif;5;12
IRHT_P_007285.tif;9;6
IRHT_P_007290.tif;1;1
IRHT_P_007291.tif;1;1
IRHT_P_007293.tif;5;10
IRHT_P_007295.tif;3;1
IRHT_P_007297.tif;5;10
IRHT_P_007302.tif;9;5
IRHT_P_007303.tif;9;5
IRHT_P_007305.tif;9;8
IRHT_P_007310.tif;9;6
IRHT_P_007313.tif;4;10
IRHT_P_007314.tif;4;10
IRHT_P_007326.tif;4;10
IRHT_P_007328.tif;4;10
IRHT_P_007330.tif;4;10
IRHT_P_007331.tif;4;10
IRHT_P_007332.tif;5;11
IRHT_P_007336.tif;4;12
IRHT_P_007339.tif;4;10
IRHT_P_007340.tif;4;10
IRHT_P_007344.tif;5;10
IRHT_P_007345.tif;4;10
IRHT_P_007346.tif;4;10
IRHT_P_007347.tif;4;10
IRHT_P_007351.tif;6;10
IRHT_P_007358.tif;5;8
IRHT_P_007361.tif;5;10
IRHT_P_007363.tif;10;7
IRHT_P_007364.tif;10;7
IRHT_P_007365.tif;10;7
IRHT_P_007366.tif;6;7
IRHT_P_007368.tif;10;8
IRHT_P_007375.tif;5;11
IRHT_P_007376.tif;4;10
IRHT_P_007377.tif;4;10
IRHT_P_007378.tif;10;6
IRHT_P_007381.tif;9;5
IRHT_P_007383.tif;10;7
IRHT_P_007384.tif;10;7
IRHT_P_007387.tif;4;10
IRHT_P_007388.tif;4;10
IRHT_P_007389.tif;4;10
IRHT_P_007394.tif;4;12
IRHT_P_007401.tif;5;14
IRHT_P_007407.tif;5;10
IRHT_P_007408.tif;4;10
IRHT_P_007420.tif;5;11
IRHT_P_007423.tif;5;10
IRHT_P_007427.tif;5;10
IRHT_P_007429.tif;5;10
IRHT_P_007431.tif;5;13
IRHT_P_007436.tif;5;10
IRHT_P_007437.tif;5;10
IRHT_P_007438.tif;5;10
IRHT_P_007439.tif;5;10
IRHT_P_007442.tif;4;10
IRHT_P_007444.tif;4;10
IRHT_P_007446.tif;4;10
IRHT_P_007447.tif;5;11
IRHT_P_007448.tif;5;11
IRHT_P_007449.tif;4;10
IRHT_P_007450.tif;5;12
IRHT_P_007451.tif;5;12
IRHT_P_007454.tif;5;12
IRHT_P_007455.tif;4;12
IRHT_P_007456.tif;4;12
IRHT_P_007457.tif;4;12
IRHT_P_007461.tif;4;10
IRHT_P_007462.tif;4;10
IRHT_P_007464.tif;5;10
IRHT_P_007465.tif;5;10
IRHT_P_007466.tif;9;10
IRHT_P_007470.tif;8;10
IRHT_P_007475.tif;8;9
IRHT_P_007481.tif;5;10
IRHT_P_007482.tif;9;10
IRHT_P_007483.tif;4;10
IRHT_P_007484.tif;4;10
IRHT_P_007485.tif;4;10
IRHT_P_007486.tif;4;8
IRHT_P_007488.tif;9;8
IRHT_P_007490.tif;9;7
IRHT_P_007491.tif;9;7
IRHT_P_007492.tif;4;10
IRHT_P_007493.tif;4;12
IRHT_P_007497.tif;4;10
IRHT_P_007499.tif;9;10
IRHT_P_007500.tif;5;10
IRHT_P_007502.tif;5;10
IRHT_P_007505.tif;4;10
IRHT_P_007506.tif;10;7
IRHT_P_007507.tif;10;7
IRHT_P_007510.tif;4;9
IRHT_P_007511.tif;4;9
IRHT_P_007512.tif;4;9
IRHT_P_007516.tif;5;12
IRHT_P_007518.tif;5;12
IRHT_P_007520.tif;5;12
IRHT_P_007522.tif;9;10
IRHT_P_007528.tif;4;10
IRHT_P_007536.tif;9;5
IRHT_P_007541.tif;10;5
IRHT_P_007542.tif;10;5
IRHT_P_007543.tif;1;1
IRHT_P_007544.tif;1;1
IRHT_P_007545.tif;4;9
IRHT_P_007546.tif;4;9
IRHT_P_007554.tif;1;1
IRHT_P_007566.tif;1;1
IRHT_P_007570.tif;9;5
IRHT_P_007620.tif;4;12
IRHT_P_007625.tif;4;10
IRHT_P_007626.tif;4;10
IRHT_P_007629.tif;9;10
IRHT_P_007642.tif;9;5
IRHT_P_007648.tif;8;10
IRHT_P_007663.tif;9;9
IRHT_P_007664.tif;5;12
IRHT_P_007670.tif;5;12
IRHT_P_007671.tif;5;10
IRHT_P_007680.tif;5;10
IRHT_P_007683.tif;5;11
IRHT_P_007684.tif;5;12
IRHT_P_007685.tif;9;9
IRHT_P_007688.tif;9;9
IRHT_P_007689.tif;4;10
IRHT_P_007690.tif;4;10
IRHT_P_007696.tif;7;3
IRHT_P_007708.tif;9;4
IRHT_P_007710.tif;10;6
IRHT_P_007722.tif;4;15
IRHT_P_007723.tif;4;15
IRHT_P_007726.tif;8;11
IRHT_P_007729.tif;5;11
IRHT_P_007752.tif;4;11
IRHT_P_007753.tif;9;6
IRHT_P_007756.tif;3;1
IRHT_P_007762.tif;1;1
IRHT_P_007763.tif;1;1
IRHT_P_007771.tif;4;13
IRHT_P_007779.tif;5;11
IRHT_P_007780.tif;5;15
IRHT_P_007781.tif;4;12
IRHT_P_007782.tif;5;14
IRHT_P_007787.tif;5;10
IRHT_P_007790.tif;5;10
IRHT_P_007791.tif;9;10
IRHT_P_007796.tif;8;10
IRHT_P_007800.tif;4;10
IRHT_P_007802.tif;5;9
IRHT_P_007803.tif;5;10
IRHT_P_007819.tif;1;1
IRHT_P_007820.tif;1;1
IRHT_P_007827.tif;1;1
IRHT_P_007859.tif;9;7
IRHT_P_007860.tif;9;7
IRHT_P_007863.tif;1;1
IRHT_P_007864.tif;1;1
IRHT_P_007870.tif;5;15
IRHT_P_007882.tif;9;6
IRHT_P_007883.tif;9;6
IRHT_P_007891.tif;1;1
IRHT_P_007892.tif;1;1
IRHT_P_007894.tif;1;1
IRHT_P_007929.tif;1;1
IRHT_P_007939.tif;9;5
IRHT_P_007940.tif;9;5
IRHT_P_007952.tif;9;6
IRHT_P_007968.tif;1;1
IRHT_P_007969.tif;1;1
IRHT_P_007970.tif;1;1
IRHT_P_007986.tif;4;10
IRHT_P_007987.tif;5;12
IRHT_P_007991.tif;12;1
IRHT_P_007992.tif;12;1
IRHT_P_008003.tif;5;13
IRHT_P_008006.tif;10;6
IRHT_P_008007.tif;10;6
IRHT_P_008012.tif;1;1
IRHT_P_008013.tif;1;1
IRHT_P_008014.tif;1;1
IRHT_P_008015.tif;1;1
IRHT_P_008032.tif;8;10
IRHT_P_008037.tif;1;1
IRHT_P_008060.tif;1;1
IRHT_P_008065.tif;5;13
IRHT_P_008066.tif;5;13
IRHT_P_008067.tif;5;13
IRHT_P_008077.tif;5;10
IRHT_P_008101.tif;10;6
IRHT_P_008102.tif;10;6
IRHT_P_008106.tif;10;6
IRHT_P_008129.tif;8;6
IRHT_P_008141.tif;9;6
IRHT_P_008175.tif;9;5
IRHT_P_008199.tif;1;1
IRHT_P_008200.tif;1;1
IRHT_P_008203.tif;9;5
IRHT_P_008205.tif;9;6
IRHT_P_008211.tif;8;10
IRHT_P_008220.tif;8;7
IRHT_P_008225.tif;9;6
IRHT_P_008228.tif;9;4
IRHT_P_008229.tif;9;4
IRHT_P_008243.tif;4;9
IRHT_P_008251.tif;9;5
IRHT_P_008252.tif;11;10
IRHT_P_008263.tif;9;6
IRHT_P_008286.tif;8;10
IRHT_P_008289.tif;9;5
IRHT_P_008303.tif;8;11
IRHT_P_008313.tif;4;11
IRHT_P_008324.tif;8;10
IRHT_P_008330.tif;4;11
IRHT_P_008338.tif;9;6
IRHT_P_008339.tif;9;6
IRHT_P_008350.tif;4;10
IRHT_P_008360.tif;9;5
IRHT_P_008361.tif;8;9
IRHT_P_008366.tif;9;5
IRHT_P_008380.tif;5;12
IRHT_P_008381.tif;5;12
IRHT_P_008384.tif;9;5
IRHT_P_008396.tif;9;5
IRHT_P_008397.tif;9;5
IRHT_P_008399.tif;6;10
IRHT_P_008406.tif;5;10
IRHT_P_008407.tif;5;10
IRHT_P_008408.tif;5;10
IRHT_P_008409.tif;5;10
IRHT_P_008428.tif;1;1
IRHT_P_008429.tif;1;1
IRHT_P_008434.tif;6;9
IRHT_P_008435.tif;5;15
IRHT_P_008438.tif;10;12
IRHT_P_008439.tif;10;12
IRHT_P_008445.tif;1;1
IRHT_P_008454.tif;6;9
IRHT_P_008458.tif;4;10
IRHT_P_008485.tif;4;10
IRHT_P_008492.tif;9;10
IRHT_P_008510.tif;5;10
IRHT_P_008511.tif;5;10
IRHT_P_008512.tif;4;10
IRHT_P_008530.tif;4;10
IRHT_P_008533.tif;5;10
IRHT_P_008536.tif;4;14
IRHT_P_008537.tif;4;14
IRHT_P_008538.tif;5;13
IRHT_P_008541.tif;5;11
IRHT_P_008542.tif;5;11
IRHT_P_008550.tif;9;11
IRHT_P_008551.tif;4;11
IRHT_P_008564.tif;9;10
IRHT_P_008572.tif;5;11
IRHT_P_008573.tif;5;11
IRHT_P_008577.tif;3;1
IRHT_P_008584.tif;4;11
IRHT_P_008585.tif;5;11
IRHT_P_008604.tif;4;12
IRHT_P_008605.tif;5;10
IRHT_P_008607.tif;4;10
IRHT_P_008610.tif;4;13
IRHT_P_008611.tif;4;11
IRHT_P_008612.tif;4;11
IRHT_P_008616.tif;8;10
IRHT_P_008619.tif;5;10
IRHT_P_008625.tif;8;9
IRHT_P_008632.tif;5;11
IRHT_P_008633.tif;5;11
IRHT_P_008642.tif;5;10
IRHT_P_008643.tif;8;10
IRHT_P_008649.tif;9;5
IRHT_P_008650.tif;9;5
IRHT_P_008654.tif;4;11
IRHT_P_008656.tif;10;6
IRHT_P_008662.tif;6;11
IRHT_P_008673.tif;10;4
IRHT_P_008675.tif;9;9
IRHT_P_008689.tif;9;6
IRHT_P_008701.tif;10;6
IRHT_P_008702.tif;10;6
IRHT_P_008708.tif;9;9
IRHT_P_008748.tif;5;10
IRHT_P_008754.tif;5;10
IRHT_P_008771.tif;5;11
IRHT_P_008777.tif;9;5
IRHT_P_008790.tif;5;10
IRHT_P_008791.tif;5;10
IRHT_P_008803.tif;10;6
IRHT_P_008804.tif;10;6
IRHT_P_008805.tif;4;10
IRHT_P_008806.tif;4;10
IRHT_P_008812.tif;4;11
IRHT_P_008813.tif;4;11
IRHT_P_008822.tif;10;11
IRHT_P_008823.tif;10;11
IRHT_P_008825.tif;4;15
IRHT_P_008826.tif;10;15
IRHT_P_008831.tif;4;15
IRHT_P_008834.tif;5;14
IRHT_P_008843.tif;4;10
IRHT_P_008845.tif;8;10
IRHT_P_008873.tif;5;12
IRHT_P_008906.tif;8;11
IRHT_P_008907.tif;8;11
IRHT_P_008918.tif;8;10
IRHT_P_008929.tif;8;11
IRHT_P_008933.tif;9;6
IRHT_P_008942.tif;8;11
IRHT_P_008943.tif;8;11
IRHT_P_008946.tif;11;7
IRHT_P_008947.tif;11;7
IRHT_P_008948.tif;11;7
IRHT_P_008950.tif;1;1
IRHT_P_008951.tif;1;1
IRHT_P_008958.tif;11;9
IRHT_P_008959.tif;9;10
IRHT_P_008960.tif;6;10
IRHT_P_008970.tif;8;10
IRHT_P_008971.tif;11;8
IRHT_P_008975.tif;10;12
IRHT_P_008976.tif;10;12
IRHT_P_008978.tif;11;8
IRHT_P_008979.tif;10;10
IRHT_P_008991.tif;8;12
IRHT_P_008995.tif;5;15
IRHT_P_008999.tif;4;10
IRHT_P_009000.tif;4;10
IRHT_P_009001.tif;10;6
IRHT_P_009003.tif;10;6
IRHT_P_009009.tif;8;10
IRHT_P_009070.tif;5;14
IRHT_P_009071.tif;5;14
IRHT_P_009082.tif;6;10
IRHT_P_009083.tif;6;12
IRHT_P_009084.tif;6;12
IRHT_P_009096.tif;6;10
IRHT_P_009097.tif;6;10
IRHT_P_009106.tif;6;10
IRHT_P_009108.tif;4;13
IRHT_P_009109.tif;4;13
IRHT_P_009121.tif;6;10
IRHT_P_009123.tif;6;12
IRHT_P_009132.tif;6;12
IRHT_P_009133.tif;6;15
IRHT_P_009136.tif;10;7
IRHT_P_009138.tif;10;11
IRHT_P_009139.tif;5;12
IRHT_P_009140.tif;5;12
IRHT_P_009141.tif;5;14
IRHT_P_009145.tif;6;10
IRHT_P_009146.tif;5;11
IRHT_P_009154.tif;4;10
IRHT_P_009155.tif;4;10
IRHT_P_009165.tif;6;10
IRHT_P_009185.tif;8;11
IRHT_P_009199.tif;9;10
IRHT_P_009211.tif;6;11
IRHT_P_009221.tif;6;10
IRHT_P_009223.tif;8;10
IRHT_P_009227.tif;4;12
IRHT_P_009248.tif;5;13
IRHT_P_009253.tif;6;11
IRHT_P_009256.tif;8;10
IRHT_P_009257.tif;4;15
IRHT_P_009259.tif;5;15
IRHT_P_009261.tif;6;10
IRHT_P_009262.tif;9;10
IRHT_P_009263.tif;6;10
IRHT_P_009264.tif;6;9
IRHT_P_009265.tif;10;10
IRHT_P_009266.tif;10;10
IRHT_P_009268.tif;6;11
IRHT_P_009279.tif;6;10
IRHT_P_009347.tif;8;10
IRHT_P_009370.tif;6;9
IRHT_P_009375.tif;8;7
IRHT_P_009378.tif;8;11
IRHT_P_009404.tif;6;10
IRHT_P_009405.tif;8;11
IRHT_P_009413.tif;8;10
B721816101_MS0180_0010_1.tif;5;12
B721816101_MS0180_0018_1.tif;5;12
B721816101_MS0180_0020_1.tif;5;12
B721816101_MS0180_0028_1.tif;5;12
B721816101_MS0180_0030_1.tif;5;12
btv1b10308906b_f11.tif;3;1
btv1b10308906b_f19.tif;3;1
btv1b10308906b_f29.tif;3;1
btv1b10308906b_f39.tif;3;1
btv1b10308906b_f49.tif;3;1
btv1b10308906b_f59.tif;3;1
btv1b10308906b_f69.tif;3;1
btv1b10308906b_f79.tif;3;1
btv1b10308906b_f89.tif;3;1
btv1b10308906b_f92.tif;3;1
btv1b10510447n_f107.tif;12;1
btv1b10510447n_f117.tif;12;1
btv1b10510447n_f13.tif;12;1
btv1b10510447n_f130.tif;12;1
btv1b10510447n_f137_1.tif;12;1
btv1b10510447n_f147.tif;12;1
btv1b10510447n_f156.tif;12;1
btv1b10510447n_f163_1.tif;12;1
btv1b10510447n_f176.tif;12;1
btv1b10510447n_f189.tif;12;1
btv1b10510447n_f197.tif;12;1
btv1b10510447n_f210.tif;12;1
btv1b10510447n_f218_1.tif;12;1
btv1b10510447n_f229.tif;12;1
btv1b10510447n_f23.tif;12;1
btv1b10510447n_f236.tif;12;1
btv1b10510447n_f247.tif;12;1
btv1b10510447n_f255.tif;12;1
btv1b10510447n_f267.tif;12;1
btv1b10510447n_f279.tif;12;1
btv1b10510447n_f288.tif;12;1
btv1b10510447n_f298.tif;12;1
btv1b10510447n_f311.tif;12;1
btv1b10510447n_f315_1.tif;12;1
btv1b10510447n_f32_1.tif;12;1
btv1b10510447n_f322.tif;12;1
btv1b10510447n_f337.tif;12;1
btv1b10510447n_f347.tif;12;1
btv1b10510447n_f357.tif;12;1
btv1b10510447n_f369.tif;12;1
btv1b10510447n_f380.tif;12;1
btv1b10510447n_f388_1.tif;12;1
btv1b10510447n_f396.tif;12;1
btv1b10510447n_f40.tif;12;1
btv1b10510447n_f403.tif;12;1
btv1b10510447n_f413.tif;12;1
btv1b10510447n_f426.tif;12;1
btv1b10510447n_f434.tif;12;1
btv1b10510447n_f447.tif;12;1
btv1b10510447n_f455.tif;12;1
btv1b10510447n_f466.tif;12;1
btv1b10510447n_f474.tif;12;1
btv1b10510447n_f486.tif;12;1
btv1b10510447n_f499.tif;12;1
btv1b10510447n_f509.tif;12;1
btv1b10510447n_f519.tif;12;1
btv1b10510447n_f525.tif;12;1
btv1b10510447n_f56.tif;12;1
btv1b10510447n_f64.tif;12;1
btv1b10510447n_f79.tif;12;1
btv1b10510447n_f83.tif;12;1
btv1b10510447n_f96.tif;12;1
btv1b10511002k_f111.tif;12;1
btv1b10511002k_f121.tif;12;1
btv1b10511002k_f13.tif;12;1
btv1b10511002k_f134.tif;12;1
btv1b10511002k_f157.tif;12;1
btv1b10511002k_f165.tif;12;1
btv1b10511002k_f17.tif;12;1
btv1b10511002k_f172.tif;12;1
btv1b10511002k_f186.tif;12;1
btv1b10511002k_f194.tif;12;1
btv1b10511002k_f21.tif;12;1
btv1b10511002k_f210.tif;12;1
btv1b10511002k_f219.tif;12;1
btv1b10511002k_f229.tif;12;1
btv1b10511002k_f239.tif;12;1
btv1b10511002k_f24.tif;12;1
btv1b10511002k_f261.tif;12;1
btv1b10511002k_f271.tif;12;1
btv1b10511002k_f28.tif;12;1
btv1b10511002k_f287.tif;12;1
btv1b10511002k_f298.tif;12;1
btv1b10511002k_f30.tif;12;1
btv1b10511002k_f313.tif;12;1
btv1b10511002k_f320.tif;12;1
btv1b10511002k_f33.tif;12;1
btv1b10511002k_f335.tif;12;1
btv1b10511002k_f357.tif;12;1
btv1b10511002k_f375.tif;12;1
btv1b10511002k_f382.tif;12;1
btv1b10511002k_f44.tif;12;1
btv1b10511002k_f53.tif;12;1
btv1b10511002k_f76.tif;12;1
btv1b10511002k_f97.tif;12;1
btv1b10515412w_f116.tif;3;1
btv1b10515412w_f126.tif;3;1
btv1b10515412w_f165.tif;3;1
btv1b10515412w_f84.tif;3;1
btv1b105154280_f118.tif;3;1
btv1b105154280_f140.tif;3;1
btv1b105154280_f160.tif;3;1
btv1b105154280_f18.tif;3;1
btv1b105154280_f180.tif;3;1
btv1b105154280_f200.tif;3;1
btv1b105154280_f220.tif;3;1
btv1b105154280_f240.tif;3;1
btv1b105154280_f260.tif;3;1
btv1b105154280_f280.tif;3;1
btv1b105154280_f300.tif;3;1
btv1b105154280_f320.tif;3;1
btv1b105154280_f340.tif;3;1
btv1b105154280_f360.tif;3;1
btv1b105154280_f38.tif;3;1
btv1b105154280_f380.tif;3;1
btv1b105154280_f400.tif;3;1
btv1b105154280_f58.tif;3;1
btv1b105154280_f78.tif;3;1
btv1b105154280_f98.tif;3;1
btv1b105162865_f101.tif;5;12
btv1b105162865_f110.tif;5;12
btv1b105162865_f112.tif;5;12
btv1b105162865_f121.tif;5;12
btv1b105162865_f130.tif;5;12
btv1b105162865_f131.tif;5;12
btv1b105162865_f14.tif;5;12
btv1b105162865_f142.tif;5;12
btv1b105162865_f150.tif;5;12
btv1b105162865_f151.tif;5;12
btv1b105162865_f161.tif;5;12
btv1b105162865_f170.tif;5;12
btv1b105162865_f171.tif;5;12
btv1b105162865_f182.tif;5;12
btv1b105162865_f29.tif;5;12
btv1b105162865_f32.tif;5;12
btv1b105162865_f41.tif;5;12
btv1b105162865_f49.tif;5;12
btv1b105162865_f53.tif;5;12
btv1b105162865_f61.tif;5;12
btv1b105162865_f69.tif;5;12
btv1b105162865_f72.tif;5;12
btv1b105162865_f82.tif;5;12
btv1b105162865_f9.tif;5;12
btv1b105162865_f90.tif;5;12
btv1b105162865_f92.tif;5;12
btv1b525030636_f109.tif;3;1
btv1b525030636_f113.tif;3;1
btv1b525030636_f134.tif;3;1
btv1b525030636_f140.tif;3;1
btv1b525030636_f151.tif;3;1
btv1b525030636_f158.tif;3;1
btv1b525030636_f167.tif;3;1
btv1b525030636_f182.tif;3;1
btv1b525030636_f187.tif;3;1
btv1b525030636_f202.tif;3;1
btv1b525030636_f207.tif;3;1
btv1b525030636_f214.tif;3;1
btv1b525030636_f231.tif;3;1
btv1b525030636_f239.tif;3;1
btv1b525030636_f251.tif;3;1
btv1b525030636_f265.tif;3;1
btv1b525030636_f276.tif;3;1
btv1b525030636_f280.tif;3;1
btv1b525030636_f29.tif;3;1
btv1b525030636_f291.tif;3;1
btv1b525030636_f302.tif;3;1
btv1b525030636_f308.tif;12;1
btv1b525030636_f317.tif;3;1
btv1b525030636_f32.tif;3;1
btv1b525030636_f324.tif;3;1
btv1b525030636_f329.tif;3;1
btv1b525030636_f336.tif;3;1
btv1b525030636_f344.tif;3;1
btv1b525030636_f348.tif;3;1
btv1b525030636_f354.tif;3;1
btv1b525030636_f355.tif;12;1
btv1b525030636_f366.tif;12;1
btv1b525030636_f37.tif;3;1
btv1b525030636_f370.tif;12;1
btv1b525030636_f373.tif;12;1
btv1b525030636_f377.tif;12;1
btv1b525030636_f386.tif;3;1
btv1b525030636_f387.tif;3;1
btv1b525030636_f389.tif;3;1
btv1b525030636_f399.tif;12;1
btv1b525030636_f410.tif;12;1
btv1b525030636_f419.tif;3;1
btv1b525030636_f422.tif;3;1
btv1b525030636_f433.tif;12;1
btv1b525030636_f438.tif;12;1
btv1b525030636_f443.tif;12;1
btv1b525030636_f447.tif;12;1
btv1b525030636_f458.tif;12;1
btv1b525030636_f466.tif;12;1
btv1b525030636_f468.tif;12;1
btv1b525030636_f47.tif;3;1
btv1b525030636_f473.tif;12;1
btv1b525030636_f477.tif;12;1
btv1b525030636_f481.tif;12;1
btv1b525030636_f490.tif;12;1
btv1b525030636_f57.tif;3;1
btv1b525030636_f68.tif;3;1
btv1b525030636_f77.tif;3;1
btv1b525030636_f88.tif;3;1
btv1b525030636_f96.tif;3;1
btv1b60000332_f43.tif;12;1
btv1b8423836x_f125.tif;1;1
btv1b8423836x_f19.tif;1;1
btv1b8423836x_f24.tif;1;1
btv1b8423836x_f47.tif;1;1
btv1b84267798_f150.tif;1;1
btv1b84267798_f27.tif;1;1
btv1b84267798_f87.tif;1;1
btv1b8426780x_f101.tif;1;1
btv1b8426780x_f133.tif;1;1
btv1b8426780x_f206.tif;1;1
btv1b8426780x_f50.tif;1;1
btv1b8426780x_f7.tif;1;1
btv1b8426782r_f102.tif;1;1
btv1b8426782r_f40.tif;12;1
btv1b8426782r_f51.tif;1;1
btv1b84267835_f107.tif;12;1
btv1b84267835_f113.tif;12;1
btv1b84267835_f126.tif;12;1
btv1b84267835_f149.tif;12;1
btv1b84267835_f157.tif;12;1
btv1b84267835_f16.tif;12;1
btv1b84267835_f164.tif;12;1
btv1b84267835_f189.tif;12;1
btv1b84267835_f19.tif;12;1
btv1b84267835_f197.tif;12;1
btv1b84267835_f207.tif;12;1
btv1b84267835_f229.tif;12;1
btv1b84267835_f233.tif;12;1
btv1b84267835_f25.tif;12;1
btv1b84267835_f252.tif;12;1
btv1b84267835_f253.tif;12;1
btv1b84267835_f265.tif;12;1
btv1b84267835_f273.tif;12;1
btv1b84267835_f290.tif;12;1
btv1b84267835_f318.tif;12;1
btv1b84267835_f325.tif;1;1
btv1b84267835_f333.tif;12;1
btv1b84267835_f34.tif;12;1
btv1b84267835_f48.tif;12;1
btv1b84267835_f52.tif;12;1
btv1b84267835_f61_1.tif;12;1
btv1b84267835_f69.tif;12;1
btv1b84267835_f74.tif;12;1
btv1b84267835_f84.tif;12;1
btv1b84267835_f97.tif;12;1
btv1b84267850_f109.tif;1;1
btv1b84267887_f17.tif;1;1
btv1b8432314k_f13.tif;1;1
btv1b8432314k_f17.tif;1;1
btv1b8451637v_f18.tif;3;1
btv1b8451637v_f19.tif;3;1
btv1b8451637v_f20.tif;3;1
btv1b8451637v_f21.tif;3;1
btv1b8451637v_f22.tif;3;1
btv1b8451637v_f23.tif;3;1
btv1b8451637v_f25.tif;3;1
btv1b8451637v_f29.tif;3;1
btv1b8451637v_f31.tif;3;1
btv1b8452656h_f107_1.tif;10;10
btv1b8452656h_f11_1.tif;10;10
btv1b8452656h_f127_1.tif;10;10
btv1b8452656h_f147_1.tif;10;10
btv1b8452656h_f25_1.tif;10;10
btv1b8452656h_f36_1.tif;10;10
btv1b8452656h_f47_1.tif;10;10
btv1b8452656h_f66_1.tif;10;10
btv1b8452656h_f8_1.tif;10;10
btv1b8452656h_f85_1.tif;10;10
btv1b8452656h_f9_1.tif;10;10
btv1b8452767n_f113.tif;1;1
btv1b8452767n_f135.tif;1;1
btv1b8452767n_f154.tif;1;1
btv1b8452767n_f171.tif;1;1
btv1b8452767n_f193.tif;1;1
btv1b8452767n_f20.tif;1;1
btv1b8452767n_f216.tif;1;1
btv1b8452767n_f235.tif;1;1
btv1b8452767n_f257.tif;1;1
btv1b8452767n_f274.tif;1;1
btv1b8452767n_f296.tif;1;1
btv1b8452767n_f39.tif;1;1
btv1b8452767n_f57.tif;1;1
btv1b8452767n_f74.tif;1;1
btv1b8452767n_f94.tif;1;1
btv1b84559359_f101.tif;3;1
btv1b84559359_f109.tif;3;1
btv1b84559359_f114.tif;3;1
btv1b84559359_f119.tif;3;1
btv1b84559359_f128.tif;3;1
btv1b84559359_f131.tif;3;1
btv1b84559359_f136.tif;3;1
btv1b84559359_f144.tif;3;1
btv1b84559359_f147.tif;3;1
btv1b84559359_f149.tif;3;1
btv1b84559359_f157.tif;3;1
btv1b84559359_f16.tif;3;1
btv1b84559359_f160.tif;3;1
btv1b84559359_f163.tif;3;1
btv1b84559359_f166.tif;3;1
btv1b84559359_f169.tif;3;1
btv1b84559359_f175.tif;3;1
btv1b84559359_f180.tif;3;1
btv1b84559359_f184.tif;3;1
btv1b84559359_f192.tif;3;1
btv1b84559359_f198.tif;3;1
btv1b84559359_f207.tif;3;1
btv1b84559359_f211.tif;3;1
btv1b84559359_f220.tif;3;1
btv1b84559359_f222.tif;3;1
btv1b84559359_f227.tif;3;1
btv1b84559359_f229.tif;3;1
btv1b84559359_f234.tif;3;1
btv1b84559359_f240.tif;3;1
btv1b84559359_f245.tif;3;1
btv1b84559359_f251.tif;3;1
btv1b84559359_f254.tif;3;1
btv1b84559359_f259.tif;3;1
btv1b84559359_f268.tif;3;1
btv1b84559359_f274.tif;3;1
btv1b84559359_f281.tif;3;1
btv1b84559359_f287.tif;3;1
btv1b84559359_f29.tif;3;1
btv1b84559359_f292.tif;3;1
btv1b84559359_f39.tif;3;1
btv1b84559359_f44.tif;3;1
btv1b84559359_f52.tif;3;1
btv1b84559359_f59.tif;3;1
btv1b84559359_f65.tif;3;1
btv1b84559359_f70.tif;3;1
btv1b84559359_f73.tif;3;1
btv1b84559359_f76.tif;3;1
btv1b84559359_f87.tif;3;1
btv1b84559359_f90.tif;3;1
btv1b84559359_f97.tif;3;1
btv1b8470112j_f12_1.tif;12;1
btv1b8470112j_f12_2.tif;12;1
btv1b8470112j_f121.tif;12;1
btv1b8470112j_f136.tif;12;1
btv1b8470112j_f148_1.tif;12;1
btv1b8470112j_f148_2.tif;12;1
btv1b8470112j_f153_1.tif;12;1
btv1b8470112j_f153_2.tif;12;1
btv1b8470112j_f169.tif;12;1
btv1b8470112j_f177.tif;12;1
btv1b8470112j_f192_1.tif;12;1
btv1b8470112j_f192_2.tif;12;1
btv1b8470112j_f207.tif;12;1
btv1b8470112j_f214.tif;12;1
btv1b8470112j_f237.tif;12;1
btv1b8470112j_f261.tif;12;1
btv1b8470112j_f278.tif;12;1
btv1b8470112j_f29.tif;12;1
btv1b8470112j_f300.tif;12;1
btv1b8470112j_f318_1.tif;12;1
btv1b8470112j_f318_2.tif;12;1
btv1b8470112j_f337.tif;12;1
btv1b8470112j_f349.tif;12;1
btv1b8470112j_f365.tif;12;1
btv1b8470112j_f372_1.tif;12;1
btv1b8470112j_f372_2.tif;12;1
btv1b8470112j_f384.tif;12;1
btv1b8470112j_f393.tif;12;1
btv1b8470112j_f404.tif;12;1
btv1b8470112j_f412_1.tif;12;1
btv1b8470112j_f412_2.tif;12;1
btv1b8470112j_f424.tif;12;1
btv1b8470112j_f429_1.tif;12;1
btv1b8470112j_f429_2.tif;12;1
btv1b8470112j_f443.tif;12;1
btv1b8470112j_f453.tif;12;1
btv1b8470112j_f464.tif;12;1
btv1b8470112j_f469_1.tif;12;1
btv1b8470112j_f469_2.tif;12;1
btv1b8470112j_f489.tif;12;1
btv1b8470112j_f529.tif;12;1
btv1b8470112j_f533.tif;12;1
btv1b8470112j_f55.tif;12;1
btv1b8470112j_f80.tif;12;1
btv1b8470112j_f99.tif;12;1
btv1b84900617_f111.tif;3;1
btv1b84900617_f143.tif;3;1
btv1b84900617_f168.tif;3;1
btv1b84900617_f51.tif;3;1
btv1b84921438_f9.tif;1;1
btv1b8594599w_f11.tif;3;1
btv1b8594599w_f117.tif;3;1
btv1b8594599w_f133.tif;3;1
btv1b8594599w_f151.tif;3;1
btv1b8594599w_f167.tif;3;1
btv1b8594599w_f181.tif;3;1
btv1b8594599w_f32.tif;3;1
btv1b8594599w_f51.tif;3;1
btv1b8594599w_f71.tif;3;1
btv1b8594599w_f91.tif;3;1
btv1b9076499m_f12_1.tif;3;1
btv1b9076499m_f22_1.tif;3;1
btv1b9076499m_f32_1.tif;3;1
btv1b9076499m_f42_1.tif;3;1
btv1b9076499m_f53_1.tif;3;1
btv1b9076499m_f63_1.tif;3;1
btv1b9076499m_f72_1.tif;3;1
btv1b9076499m_f82_1.tif;3;1
btv1b9076499m_f93_1.tif;3;1
btv1b90767290_f10_1.tif;3;1
btv1b90767290_f14_1.tif;3;1
btv1b90767290_f20_1.tif;3;1
btv1b90767290_f22_1.tif;3;1
btv1b90767290_f28.tif;3;1
btv1b9076864s_f16_1.tif;3;1
btv1b9076864s_f25_1.tif;3;1
btv1b9076864s_f35_1.tif;3;1
btv1b9076864s_f46_1.tif;3;1
btv1b9076864s_f56_1.tif;3;1
btv1b9076864s_f8_1.tif;3;1
M601415401_MS0216_0007_1.tif;10;6
M601415401_MS0216_0015_1.tif;10;6
M601415401_MS0216_0028_1.tif;10;6
M601415401_MS0216_0041_1.tif;10;6
M601415401_MS0216_0052_1.tif;10;6
M601415401_MS0216_0058_1.tif;10;6
IRHT_070838_2.jpg;6;8
IRHT_099163_2.jpg;7;3
IRHT_099176_2.jpg;7;3
IRHT_099208_2.jpg;7;3
B610016201_MS0026_0021.jpg;7;3
IRHT_099532_2.jpg;7;3
IRHT_099612_2.jpg;11;7
IRHT_099709_2.jpg;7;3
IRHT_099723_2.jpg;7;3
IRHT_099733_2.jpg;7;3
IRHT_099734_2.jpg;7;3
IRHT_099737_2.jpg;7;3
610016201_MS0647_0161.jpg;7;3
IRHT_099740_2.jpg;7;3
IRHT_037988_2.jpg;11;6
IRHT_038880_2.jpg;1;2
IRHT_038956_2.jpg;1;2
IRHT_039001_2.jpg;1;2
IRHT_039111_2.jpg;1;2
IRHT_039126_2.jpg;1;2
IRHT_039170_2.jpg;1;2
IRHT_039454_2.jpg;9;6
IRHT_039818_2.jpg;2;7
IRHT_039856_2.jpg;2;9
B490076101_MS0283_0011.jpg;1;2
B490076101_MS0283_0014.jpg;1;2
B490076101_MS0283_0029.jpg;1;2
B490076101_MS0283_0051.jpg;1;2
IRHT_P_005696.tif;11;6
IRHT_040129_2.jpg;7;3
IRHT_040142_2.jpg;7;3
B490076101_MS0312_0013.jpg;9;4
IRHT_040429_2.jpg;9;4
IRHT_041300_2.jpg;1;1
IRHT_041318_2.jpg;11;7
IRHT_041638_2.jpg;9;5
IRHT_042039_2.jpg;6;9
IRHT_072175_2.jpg;11;6
710146101_S_002_003_0199.jpg;12;1
710146101_S_002_003_0073.jpg;12;1
710146101_S_002_003_0111.jpg;12;1
710146101_S_003_004_0039.jpg;12;1
710146101_S_019_019bis_0118.jpg;1;1
710146101_S_019_019bis_0142.jpg;1;1
710146101_S_019_019bis_0019.jpg;1;1
710146101_S_019_019bis_0178.jpg;1;1
710146101_S_019_019bis_0200.jpg;1;1
710146101_S_019_019bis_0068.jpg;1;1
710146101_S_019_019bis_0097.jpg;3;1
710146101_S_022_020_A_0009.jpg;3;1
B890246201_MS0053_0025.jpg;11;6
IRHT_092770_2.jpg;7;3
IRHT_092813_2.jpg;11;8
IRHT_054721_2.jpg;11;7
IRHT_054772_2.jpg;11;13
IRHT_054780_2.jpg;11;13
B840076101_MS0175_0015.jpg;1;1
IRHT_056547_2.jpg;11;6
840076101_MS0325_0016.jpg;2;9
IRHT_P_005992.tif;11;9
IRHT_P_005997.tif;11;6
500256201_MS0035_0032.jpg;1;2
500256201_MS0035_0077.jpg;1;2
500256201_MS0035_0091.jpg;1;2
500256201_MS0035_0103.jpg;1;2
500256201_MS0035_0024.jpg;1;2
500256201_MS0058_0124.jpg;1;2
IRHT_P_006030.tif;1;2
500256201_MS0068_0019.jpg;1;2
IRHT_P_006044.tif;1;2
500256201_MS0088_0025.jpg;7;3
IRHT_P_006066.tif;1;2
500256201_MS0105_0027.jpg;1;2
IRHT_P_006081.tif;1;1
500256201_MS0214_0038.jpg;11;4
500256201_MS0214_0020.jpg;11;5
500256201_MS0216_0016.jpg;11;9
500256201_MS0229_0202.jpg;1;2
B140475201_MS0036_0044.jpg;6;8
B140475201_MS0037_0027.jpg;11;7
B140475201_MS0055_0004.jpg;11;4
B140475201_MS0066_0024.jpg;11;8
B140475201_MS0072_0083.jpg;11;9
B140475201_MS0074_0022.jpg;11;4
B140475201_MS0075_0049.jpg;11;8
B140475201_MS0117_0047.jpg;11;4
B140475201_MS0121_0079.jpg;11;4
IRHT_092894_2.jpg;11;6
IRHT_093039_2.jpg;2;7
IRHT_173192_2.jpg;11;7
IRHT_083578_2.jpg;11;5
B250566101_MS0143_0136.jpg;7;3
IRHT_053639_2.jpg;7;3
330636101_MS0073_0055.jpg;2;8
330636101_MS0303_0156.jpg;6;6
330636101_MS0303_0055.jpg;6;6
330636101_MS0695_0196.jpg;8;13
330636101_MS0780_0038.jpg;11;6
330636101_MS0780_0253.jpg;9;6
IRHT_146481_2.jpg;7;3
IRHT_146779_2.jpg;7;3
141186101_MS0014_354_in_4_018_0022.jpg;11;4
141186101_MS0025_364_in_4_013_0123.jpg;8;10
141186101_MS0026_365_in_fol_013_0202.jpg;11;10
141186101_MS0027_366_in_fol_014_0008.jpg;6;10
141186101_MS0027_366_in_fol_014_0068.jpg;6;10
141186101_MS0029_368_in_fol_018_0244.jpg;6;10
141186101_MS0029_368_in_fol_018_0052.jpg;6;10
141186101_MS0038_377_in_fol_015_0006.jpg;6;10
141186101_MS0038_377_in_fol_015_0191.jpg;6;10
B141185106_MS0211_0045.jpg;5;15
B141185106_MS0343_0007.jpg;4;9
B141185106_MS0343_0010.jpg;4;9
B141185106_MS0446_0019.jpg;8;10
B141185106_MS0446_0012.jpg;8;10
141186101_MS0533_314_in_4_038_0012.jpg;2;15
141185204_Coll_Mancel_MS0067_0195.jpg;8;11
141185204_Coll_Mancel_MS0068_0134.jpg;2;12
141185204_Coll_Mancel_MS0086_0038.jpg;11;5
141185204_Coll_Mancel_MS0086_0040.jpg;11;5
141185204_Coll_Mancel_MS0200_0005.jpg;11;10
141185204_Coll_Mancel_MS0237_0008.jpg;11;9
141185204_Coll_Mancel_MS0242_0018.jpg;11;13
141185204_Coll_Mancel_MS0308_0068.jpg;11;7
591226101_MS0029_0230.jpg;11;7
591226101_MS0038_0064.jpg;11;4
IRHT_152680_2.jpg;7;3
IRHT_152798_2.jpg;1;2
IRHT_152825_2.jpg;11;4
IRHT_153645_2.jpg;7;3
IRHT_153847_2.jpg;11;5
IRHT_154683_2.jpg;10;7
B591226101_MS0164_0245.jpg;1;1
IRHT_157796_2.jpg;11;7
IRHT_157830_2.jpg;7;3
IRHT_157854_2.jpg;6;10
IRHT_157877_2.jpg;8;10
IRHT_158064_2.jpg;11;7
IRHT_158095_2.jpg;11;7
IRHT_158286_2.jpg;7;3
IRHT_158387_2.jpg;7;3
IRHT_159348_2.jpg;7;3
591226101_MS0347_0107.jpg;2;8
IRHT_160084_2.jpg;7;3
IRHT_160096_2.jpg;1;1
IRHT_160316_2.jpg;7;3
IRHT_160460_2.jpg;7;3
IRHT_160812_2.jpg;7;3
IRHT_105527_2.jpg;7;3
IRHT_160927_2.jpg;11;4
IRHT_161123_2.jpg;11;5
IRHT_161212_2.jpg;1;2
IRHT_161228_2.jpg;1;2
IRHT_161653_2.jpg;7;3
IRHT_161853_2.jpg;7;3
591226101_MS0574_0037.jpg;6;9
IRHT_161943_2.jpg;11;8
IRHT_161950_2.jpg;2;9
IRHT_162016_2.jpg;7;3
IRHT_162201_2.jpg;6;8
IRHT_162418_2.jpg;10;6
IRHT_162567_2.jpg;9;8
IRHT_162599_2.jpg;6;8
IRHT_162718_2.jpg;11;4
IRHT_163071_2.jpg;1;2
IRHT_163082_2.jpg;11;4
IRHT_163218_2.jpg;11;12
B591226101_MS0844_0007.jpg;6;12
IRHT_163296_2.jpg;1;2
IRHT_163363_2.jpg;2;10
IRHT_105682_2.jpg;7;3
B591226101_MS0864_0132.jpg;1;2
IRHT_163568_2.jpg;8;8
IRHT_163814_2.jpg;2;10
IRHT_163909_2.jpg;11;6
IRHT_163957_2.jpg;11;5
IRHT_163970_2.jpg;4;9
IRHT_164011_2.jpg;11;5
IRHT_164072_2.jpg;11;6
B591226101_MS1222_0010.jpg;7;3
B591226101_MS1225_0071.jpg;11;5
IRHT_164083_2.jpg;7;3
IRHT_073651_2.jpg;11;9
IRHT_P_000512.tif;11;8
710766101_MS0007_0012.jpg;7;3
710766101_MS0008_0057.jpg;7;3
710766101_MS0009_0067.jpg;7;3
710766101_MS0010_0016.jpg;7;3
710766101_MS0011_0038.jpg;7;3
710766101_MS0014_0015.jpg;7;3
710766101_MS0018_0019.jpg;7;3
710766101_MS0027_0079.jpg;7;3
IRHT_107930_2.jpg;11;10
B511086101_MS0019_00013_C.jpg;11;6
B511086101_MS0063_00011_C.jpg;11;5
M601415401_MS0009_0111.jpg;11;4
M601415401_MS0009_0210.jpg;11;4
M601415401_MS0009_0007.jpg;11;4
M601415401_MS0009_0055.jpg;11;4
M601415401_MS0016_0006.jpg;7;3
M601415401_MS0016_0050.jpg;7;3
M601415401_MS0016_0151.jpg;7;3
M601415401_MS0040_0006.jpg;12;1
M601415401_MS0040_0031.jpg;1;1
M601415401_MS0040_0011.jpg;1;1
M601415401_MS0040_0014.jpg;1;1
M601415401_MS0051_0005.jpg;11;6
M601415401_MS0051_0159.jpg;11;6
M601415401_MS0051_0465.jpg;11;6
M601415401_MS0051_0011.jpg;11;6
M601415401_MS0051_0103.jpg;11;6
CMDF_1_151b.jpg;10;11
M601415401_MS0062_0026.jpg;11;6
M601415401_MS0074_0034.jpg;2;11
IRHT_304320_2.jpg;11;12
M601415401_MS0121_0004.jpg;7;3
M601415401_MS0121_0112.jpg;7;3
M601415401_MS0121_0124.jpg;7;3
M601415401_MS0121_0205.jpg;7;3
M601415401_MS0121_0244.jpg;7;3
IRHT_178159_2.jpg;2;11
M601415401_MS0147_0019.jpg;8;11
IRHT_P_000596.tif;2;13
CMDF_1_119b.jpg;2;10
M601415401_MS0428_0006.jpg;9;5
M601415401_MS0428_0152.jpg;9;5
M601415401_MS0428_0007.jpg;9;5
M601415401_MS0428_0264.jpg;9;5
M601415401_MS0428_0008.jpg;9;5
M601415401_MS0428_0097.jpg;9;5
CMDF_1_161b.jpg;6;13
M601415401_MS0476_0009.jpg;9;5
M601415401_MS0476_0060.jpg;11;5
M601415401_MS0476_0061.jpg;11;5
M601415401_MS0476_0080.jpg;11;5
M601415401_MS0487_0027.jpg;2;7
M601415401_MS0522_0009.jpg;2;13
M601415401_MS0599_0015.jpg;2;6
M601415401_MS0599_0005.jpg;2;6
M601415401_MS0599_0007.jpg;2;6
M601415401_MS0599_0008.jpg;2;6
M601415401_MS0599_0009.jpg;2;6
M601415401_MS0599_0012.jpg;2;6
CMDF_1_141b.jpg;6;11
M601415401_MS0649_0010.jpg;9;5
M601415401_MS0649_0082.jpg;9;5
M601415401_MS0734_0108.jpg;11;6
M601415401_MS0734_0194.jpg;11;6
M601415401_MS0734_0007.jpg;11;6
M601415401_MS0734_0009.jpg;11;6
M601415401_MS0738_0169.jpg;11;9
M601415401_MS0739_0008.jpg;7;3
M601415401_MS0739_0158.jpg;7;3
M601415401_MS0739_0028.jpg;7;3
M601415401_MS0739_0077.jpg;7;3
M601415401_MS0740_0008.jpg;7;3
M601415401_MS0740_0012.jpg;7;3
M601415401_MS0764_0012.jpg;4;12
M601415401_MS0774_0007.jpg;7;3
M601415401_MS0775_0023.jpg;7;3
M601415401_MS1477_0067.jpg;11;6
B081056201_MS0014_00026.jpg;7;3
B081056201_MS0026T2_00045.jpg;7;3
B081056201_MS0094_00257.jpg;11;6
B081056201_MS0114_00164.jpg;7;3
B081056201_MS0114_00031.jpg;7;3
B081056201_MS0114_00039.jpg;7;3
B081056201_MS0114_00091.jpg;7;3
B081056201_MS0125_00012.jpg;11;6
B081056201_MS0158T1_00201.jpg;7;3
B081056201_MS0172_00119.jpg;7;3
B081056201_MS0172_00139.jpg;7;3
B081056201_MS0172_00026.jpg;7;3
B081056201_MS0172_00079.jpg;7;3
B081056201_MS0189_00009.jpg;7;3
B081056201_MS0202T15_00029.jpg;7;3
B081056201_MS0234_00009.jpg;2;7
B081056201_MS0244_00025.jpg;11;6
B501296201_MS0014_0026.jpg;11;6
IRHT_081868_2.jpg;1;1
IRHT_081871_2.jpg;1;1
IRHT_081834_2.jpg;1;1
631136102_MS0732_0083.jpg;1;2
IRHT_P_000895.tif;11;6
IRHT_P_000917.tif;11;5
B680666101_MS0211_0026.jpg;2;10
IRHT_P_005325.tif;2;10
IRHT_P_001021.tif;2;8
IRHT_P_001056.tif;11;6
IRHT_P_001057.tif;11;6
IRHT_P_001081.tif;11;9
IRHT_P_001165.tif;11;6
B212316101_MS0074_0006.jpg;11;6
IRHT_093985_2.jpg;11;5
B212316101_MS0203_0211.jpg;11;6
B512306201_MS0001_00079.jpg;1;1
IRHT_P_001699.tif;11;8
272296201_lat_021_0024.jpg;9;5
272296201_lat_120_0020.jpg;11;4
IRHT_P_001718.tif;11;10
B381856103_MS00091_0022.jpg;11;4
B531306201_MS0085_0041.jpg;2;7
763516101_MS0332_0140.jpg;1;2
763516101_MS0332_0023.jpg;1;2
763516101_MS0332_0084.jpg;1;2
B721816101_MS0023_0116.jpg;1;2
B721816101_MS0023_0121.jpg;1;2
B721816101_MS0023_0134.jpg;1;2
B721816101_MS0023_0027.jpg;1;2
B721816101_MS0023_0058.jpg;1;2
B721816101_MS0067_0048.jpg;11;4
B721816101_MS0074_0010.jpg;2;15
B721816101_MS0075_0047.jpg;11;5
B721816101_MS0107_0055.jpg;9;4
B721816101_MS0109_0039.jpg;9;5
B721816101_MS0157_0031.jpg;11;5
B721816101_MS0195_0019.jpg;9;6
B721816101_MS0228_0047.jpg;1;2
B721816101_MS0260_0020.jpg;1;2
B721816101_MS0357_0015.jpg;11;6
IRHT_P_002147.tif;11;13
B870856101_MS0002_0151.jpg;11;5
IRHT_P_001942.tif;11;6
IRHT_128107_2.jpg;1;1
IRHT_P_001999.tif;11;4
IRHT_P_002000.tif;11;4
IRHT_129784_2.jpg;11;4
IRHT_129942_2.jpg;3;1
IRHT_129986_2.jpg;1;1
IRHT_P_002066.tif;11;13
IRHT_P_002081.tif;11;11
flickr_com_photos_bmmetz_12499223615_sizes_o.jpg;1;1
flickr_com_photos_bmmetz_12499126135_sizes_o.jpg;1;1
IRHT_P_005138.tif;11;11
341722104_H_084_0028.jpg;3;1
341722104_H_084_0008.jpg;3;1
IRHT_P_005292.tif;10;8
IRHT_080222_2.jpg;10;6
IRHT_080462_2.jpg;11;5
IRHT_P_002356.tif;11;11
IRHT_P_002357.tif;11;11
IRHT_P_002363.tif;11;7
IRHT_P_002364.tif;11;7
B441096101_MS0030_0017.jpg;11;5
B441096101_MS0030_0014.jpg;11;5
IRHT_P_002399.tif;11;10
M441095203_MS0001_0027.jpg;1;2
M441095203_MS0009_0022.jpg;11;6
B301896101_MS001_00194_C.jpg;11;9
B301896101_MS014_00122_C.jpg;7;3
B301896101_MS014_00123_C.jpg;7;3
IRHT_051876_2.jpg;1;1
IRHT_052061_2.jpg;1;2
452346101_MS0092_0009.jpg;1;1
IRHT_052165_2.jpg;11;6
IRHT_P_002474.tif;11;4
IRHT_P_002475.tif;11;4
IRHT_052702_2.jpg;12;1
452346101_MSMS0221_0016.jpg;1;1
IRHT_052972_2.jpg;1;2
452346101_MS0263_0024.jpg;3;1
IRHT_053173_2.jpg;1;2
IRHT_053086_2.jpg;1;1
btv1b55008176d_f405.jpg;6;11
CMDF_1_167b.jpg;2;14
CMDF_1_69a.jpg;11;7
CMDF_1_116a.jpg;6;10
CMDF_1_1a.jpg;1;1
CMDF_1_1b.jpg;1;1
CMDF_1_80b.jpg;2;8
CMDF_1_143b.jpg;6;11
CMDF_1_78a.jpg;11;8
CMDF_1_98b.jpg;11;9
CMDF_1_140b.jpg;2;11
CMDF_1_147a.jpg;9;11
CMDF_1_20b.jpg;9;5
CMDF_1_66a.jpg;2;7
CMDF_1_101b.jpg;6;10
CMDF_1_164a.jpg;5;13
CMDF_1_149b.jpg;6;11
CMDF_1_149a.jpg;9;11
CMDF_1_182b.jpg;11;4
CMDF_1_67a.jpg;2;7
CMDF_1_53a.jpg;11;7
CMDF_1_25a.jpg;11;5
CMDF_1_76b.jpg;11;8
btv1b71006162_f13.jpg;10;11
btv1b55010551d_f425.jpg;11;6
btv1b55009807z_f26.jpg;11;11
btv1b550057309_f66.jpg;6;13
CMDF_1_33a.jpg;11;6
CMDF_1_87a.jpg;8;9
CMDF_1_87b.jpg;2;8
CMDF_1_86b.jpg;2;8
IRHT_P_008987.tif;11;5
IRHT_P_008988.tif;11;5
CMDF_1_23a.jpg;11;5
CMDF_1_85a.jpg;2;8
CMDF_1_85b.jpg;8;8
CMDF_1_65b.jpg;9;7
btv1b10515439v_f36.jpg;11;4
btv1b10515439v_f16.jpg;11;4
IRHT_P_008994.tif;5;10
CMDF_1_162a.jpg;8;13
CMDF_1_136b.jpg;5;11
btv1b525073160_f169.jpg;5;9
CMDF_1_153b.jpg;8;12
CMDF_1_28a.jpg;10;6
CMDF_1_121b.jpg;8;10
btv1b55008177v_f153.jpg;11;6
btv1b55008177v_f21.jpg;11;6
CMDF_1_123a.jpg;5;10
CMDF_1_152b.jpg;4;11
CMDF_1_84b.jpg;2;8
CMDF_1_116b.jpg;9;10
CMDF_1_146b.jpg;5;11
CMDF_1_124a.jpg;4;10
btv1b55009808d_f107.jpg;11;6
CMDF_1_156b.jpg;2;12
CMDF_1_126a.jpg;11;10
CMDF_1_166b.jpg;2;13
CMDF_1_122b.jpg;2;10
CMDF_1_58a.jpg;11;7
CMDF_1_58b.jpg;11;7
CMDF_1_99b.jpg;6;9
CMDF_1_114b.jpg;6;10
CMDF_1_121a.jpg;6;10
btv1b8458136w_f419.jpg;11;7
btv1b8458136w_f24.jpg;11;7
CMDF_1_93a.jpg;11;9
IRHT_P_009039.tif;11;9
IRHT_P_009040.tif;5;14
CMDF_1_167a.jpg;5;14
CMDF_1_131b.jpg;2;10
IRHT_P_009054.tif;2;12
CMDF_1_138a.jpg;6;11
CMDF_1_14a.jpg;11;5
btv1b55003999w_f317.jpg;11;5
btv1b55003999w_f651.jpg;11;5
CMDF_1_111a.jpg;2;10
btv1b60002931_f15.jpg;11;7
btv1b60002931_f161.jpg;11;7
CMDF_1_12a.jpg;11;4
CMDF_1_12b.jpg;11;4
CMDF_1_109b.jpg;6;10
CMDF_1_97b.jpg;11;8
CMDF_1_191b.jpg;11;7
CMDF_1_129a.jpg;2;10
CMDF_1_146a.jpg;8;11
CMDF_1_118b.jpg;6;10
IRHT_P_009098.tif;2;13
IRHT_P_009101.tif;11;6
IRHT_P_009102.tif;11;6
btv1b7100018t_f803.jpg;2;9
btv1b55007168j_f695.jpg;2;10
CMDF_1_95b.jpg;8;9
btv1b55008562q_f7.jpg;2;13
btv1b55007803g_f243.jpg;8;10
IRHT_P_009117.tif;2;12
btv1b550058905_f63.jpg;11;7
btv1b55005886f_f243.jpg;6;10
CMDF_1_155b.jpg;6;12
CMDF_1_168b.jpg;6;15
CMDF_1_56a.jpg;10;7
IRHT_P_009410.tif;2;12
btv1b8452767n_f31.jpg;12;1
btv1b85410155_f17.jpg;1;2
btv1b105395234_f58.jpg;7;3
btv1b8451637v_f345.jpg;12;1
IRHT_P_006284.tif;11;4
IRHT_P_006288.tif;2;8
btv1b9081030z_f58.jpg;11;6
IRHT_P_006307.tif;7;4
btv1b9080991f_f19.jpg;11;4
IRHT_P_006315.tif;11;4
IRHT_P_006313.tif;11;4
IRHT_P_006314.tif;11;4
btv1b10721194f_f12.jpg;11;4
btv1b525035131_f68.jpg;11;4
btv1b9078378q_f44.jpg;1;1
btv1b8442914x_f103.jpg;11;4
btv1b9076522d_f57.jpg;3;1
IRHT_P_006332.tif;11;4
btv1b9081018h_f44.jpg;11;5
btv1b8432466n_f113.jpg;11;5
btv1b90665543_f51.jpg;11;5
btv1b10722419v_f8.jpg;11;7
btv1b84525491_f89.jpg;11;7
IRHT_P_006389.tif;11;10
btv1b90660514_f32.jpg;11;4
btv1b52504638t_f23.jpg;11;7
btv1b55001423q_f56.jpg;12;1
btv1b6000466t_f47.jpg;11;8
btv1b90764667_f33.jpg;11;10
IRHT_P_006408.tif;11;9
btv1b6000528g_f107.jpg;1;1
IRHT_P_006453.tif;11;6
IRHT_P_006463.tif;5;9
IRHT_P_006485.tif;7;4
IRHT_P_006486.tif;7;4
btv1b9078168n_f58.jpg;1;1
btv1b9078168n_f7.jpg;1;1
IRHT_P_006509.tif;1;2
IRHT_P_006510.tif;1;2
IRHT_P_004803.tif;2;9
btv1b9072417h_f14.jpg;1;1
IRHT_P_006559.tif;11;7
btv1b8528771t_f65.jpg;1;1
IRHT_P_006563.tif;11;11
btv1b84274502_f167.jpg;1;1
btv1b85409594_f86.jpg;1;1
IRHT_P_006589.tif;7;4
IRHT_P_006587.tif;7;4
IRHT_P_006588.tif;7;4
btv1b84900669_f25.jpg;1;1
IRHT_P_006593.tif;7;4
IRHT_P_006591.tif;7;4
IRHT_P_006592.tif;7;4
IRHT_P_006606.tif;11;4
IRHT_P_006604.tif;7;4
IRHT_P_006605.tif;7;4
IRHT_P_006607.tif;7;4
IRHT_P_006628.tif;11;9
IRHT_P_006631.tif;2;10
btv1b90677951_f199.jpg;2;11
btv1b52503826x_f91.jpg;9;6
IRHT_P_006714.tif;11;5
IRHT_P_006715.tif;11;5
IRHT_P_006720.tif;2;10
IRHT_P_006734.tif;11;10
IRHT_P_006761.tif;8;10
IRHT_P_006763.tif;8;10
btv1b10541987g_f205.jpg;1;2
IRHT_P_006811.tif;2;9
IRHT_P_006828.tif;11;10
IRHT_P_006862.tif;9;6
IRHT_P_006864.tif;2;8
IRHT_P_006870.tif;2;7
IRHT_P_006873.tif;5;10
IRHT_P_006876.tif;2;11
IRHT_P_006877.tif;2;9
IRHT_P_006897.tif;2;11
IRHT_P_006911.tif;8;10
btv1b9068471w_f101.jpg;11;6
btv1b90777670_f37.jpg;11;6
IRHT_P_006925.tif;2;8
IRHT_P_006930.tif;1;2
IRHT_P_006954.tif;11;9
IRHT_P_006958.tif;1;2
IRHT_P_006959.tif;1;2
IRHT_P_006960.tif;1;2
IRHT_P_006978.tif;11;7
IRHT_P_006977.tif;11;7
IRHT_P_006979.tif;11;7
IRHT_P_006998.tif;2;9
IRHT_P_006997.tif;2;9
IRHT_P_007004.tif;5;11
IRHT_P_007005.tif;10;8
IRHT_P_007006.tif;10;8
btv1b8451607q_f45.jpg;2;8
btv1b84469390_f63.jpg;9;7
IRHT_P_005002.tif;11;10
btv1b90783564_f49.jpg;4;9
IRHT_P_007036.tif;11;8
IRHT_P_007035.tif;11;8
IRHT_P_007061.tif;5;11
IRHT_P_007065.tif;2;10
IRHT_P_007066.tif;5;10
IRHT_P_007067.tif;5;10
IRHT_P_007068.tif;2;9
IRHT_P_007074.tif;8;10
IRHT_P_007078.tif;2;7
IRHT_P_007079.tif;8;7
IRHT_P_007091.tif;2;12
IRHT_P_007114.tif;9;9
btv1b9068416p_f20.jpg;6;7
IRHT_P_007123.tif;2;8
IRHT_P_007131.tif;11;7
IRHT_P_007137.tif;11;8
btv1b9066020k_f62.jpg;8;7
IRHT_P_007173.tif;2;8
IRHT_P_007184.tif;2;8
btv1b9068414v_f35.jpg;9;6
IRHT_P_007209.tif;11;6
btv1b9072537m_f6.jpg;8;11
IRHT_P_007257.tif;8;9
IRHT_P_007256.tif;8;9
btv1b90684262_f59.jpg;10;7
IRHT_P_007269.tif;2;8
IRHT_P_005042.tif;2;7
IRHT_P_007276.tif;2;7
IRHT_P_007286.tif;2;8
IRHT_P_007289.tif;11;7
IRHT_P_007296.tif;11;4
IRHT_P_007300.tif;2;11
IRHT_P_007307.tif;2;9
IRHT_P_007315.tif;2;10
IRHT_P_007317.tif;6;9
btv1b90664733_f71.jpg;4;9
IRHT_P_007322.tif;8;11
btv1b10721064t_f22.jpg;2;8
IRHT_P_007342.tif;2;8
IRHT_P_007343.tif;2;8
btv1b10515864c_f65.jpg;10;7
btv1b8446936r_f109.jpg;11;7
IRHT_P_007395.tif;2;9
IRHT_P_007396.tif;2;9
IRHT_P_007397.tif;2;8
btv1b105158935_f111.jpg;2;9
IRHT_P_007402.tif;6;9
IRHT_P_007418.tif;6;9
IRHT_P_007417.tif;6;9
btv1b9078295w_f76.jpg;9;5
IRHT_P_007477.tif;6;9
btv1b90677061_f52.jpg;11;6
btv1b8452550p_f111.jpg;12;1
IRHT_P_007547.tif;6;9
btv1b9066678v_f26.jpg;1;1
btv1b8422986v_f195.jpg;1;1
btv1b9067739d_f22.jpg;11;4
btv1b10515749d_f71.jpg;11;8
btv1b54002414v_f111.jpg;2;11
btv1b550093038_f76.jpg;2;12
btv1b9067004s_f67.jpg;11;7
btv1b10723596j_f67.jpg;11;6
btv1b90777210_f74.jpg;2;6
btv1b90669517_f43.jpg;9;7
btv1b9066947b_f21.jpg;1;1
btv1b8451634m_f22.jpg;11;6
btv1b8447295h_f67.jpg;11;6
btv1b8447877n_f118.jpg;11;5
btv1b9077944p_f53.jpg;11;5
btv1b9077944p_f88.jpg;11;6
btv1b9077944p_f92.jpg;11;6
IRHT_P_007792.tif;2;9
IRHT_P_007805.tif;6;8
btv1b8452543j_f13.jpg;1;1
btv1b9080810n_f448.jpg;2;10
btv1b90807836_f21.jpg;1;1
IRHT_P_005357.tif;1;2
IRHT_P_007721.tif;1;2
IRHT_P_007830.tif;7;3
IRHT_P_007833.tif;7;3
IRHT_P_007832.tif;7;3
IRHT_P_007834.tif;7;3
btv1b8541005s_f229.jpg;7;3
IRHT_P_007839.tif;7;3
IRHT_P_007845.tif;1;2
IRHT_P_007842.tif;1;2
IRHT_P_007843.tif;1;2
IRHT_P_007844.tif;1;2
btv1b8427438m_f320.jpg;1;2
IRHT_P_007847.tif;7;3
btv1b8423829s_f129.jpg;3;1
IRHT_P_007850.tif;7;3
btv1b9076841s_f7.jpg;3;1
IRHT_P_007853.tif;7;3
IRHT_P_007855.tif;7;3
IRHT_P_007856.tif;3;1
IRHT_P_007857.tif;2;7
IRHT_P_007861.tif;11;5
IRHT_P_007862.tif;11;5
btv1b9066727w_f42.jpg;2;7
btv1b85511329_f255.jpg;1;2
IRHT_P_007865.tif;1;2
btv1b90684017_f20.jpg;11;4
btv1b90661376_f115.jpg;11;4
IRHT_P_007866.tif;7;3
IRHT_P_007867.tif;7;3
IRHT_P_007872.tif;7;3
IRHT_P_007884.tif;7;3
btv1b90784196_f36.jpg;11;4
btv1b9076814w_f20.jpg;9;4
btv1b8426288h_f151.jpg;1;1
IRHT_P_007896.tif;1;2
IRHT_P_007898.tif;7;3
IRHT_P_007901.tif;7;3
IRHT_P_007902.tif;7;3
IRHT_P_007908.tif;1;2
IRHT_P_007906.tif;1;2
IRHT_P_007907.tif;1;2
IRHT_P_007909.tif;1;2
btv1b8426290k_f32.jpg;1;1
btv1b10721273j_f7.jpg;3;1
btv1b10510445r_f162.jpg;3;1
IRHT_P_007910.tif;1;2
IRHT_P_007911.tif;1;2
btv1b84262947_f103.jpg;3;1
IRHT_P_007912.tif;7;3
IRHT_P_007913.tif;7;3
IRHT_P_007914.tif;7;3
btv1b9077999n_f43.jpg;3;1
IRHT_P_007919.tif;1;2
IRHT_P_007918.tif;1;2
IRHT_P_007920.tif;11;11
IRHT_P_007922.tif;7;3
IRHT_P_007923.tif;7;3
IRHT_P_007932.tif;1;2
IRHT_P_007931.tif;1;2
IRHT_P_007933.tif;7;3
IRHT_P_007934.tif;7;3
IRHT_P_007938.tif;2;10
IRHT_P_007942.tif;6;10
IRHT_P_007943.tif;2;8
IRHT_P_007946.tif;1;2
IRHT_P_007948.tif;1;2
btv1b9077650c_f24.jpg;1;1
IRHT_P_007951.tif;7;3
IRHT_P_007954.tif;1;2
IRHT_P_007953.tif;1;2
IRHT_P_007955.tif;7;3
IRHT_P_007957.tif;7;3
IRHT_P_007962.tif;1;2
btv1b9066828n_f51.jpg;11;6
IRHT_P_007963.tif;7;4
btv1b10720812j_f95.jpg;11;5
IRHT_P_007980.tif;11;8
IRHT_P_007982.tif;7;4
IRHT_P_007981.tif;1;2
IRHT_P_007983.tif;1;2
btv1b90669569_f6.jpg;5;12
IRHT_P_007993.tif;1;2
IRHT_P_007997.tif;7;3
IRHT_P_008000.tif;11;4
btv1b8514398k_f59.jpg;1;1
IRHT_P_008041.tif;1;2
IRHT_P_008038.tif;1;2
IRHT_P_008040.tif;1;2
IRHT_P_008047.tif;2;7
IRHT_P_008049.tif;11;6
IRHT_P_008057.tif;1;2
IRHT_P_008056.tif;1;2
IRHT_P_008058.tif;7;3
IRHT_P_008061.tif;7;3
IRHT_P_008063.tif;5;12
IRHT_P_008064.tif;5;12
btv1b9078091j_f68.jpg;6;10
IRHT_P_008075.tif;2;7
btv1b90780170_f86.jpg;11;5
btv1b9077773q_f45.jpg;11;5
btv1b9066158c_f72.jpg;9;5
btv1b9076998x_f68.jpg;9;5
btv1b9076999b_f82.jpg;9;5
btv1b90670145_f17.jpg;11;5
btv1b90678516_f45.jpg;11;5
btv1b9076774t_f18.jpg;11;5
btv1b9076744p_f22.jpg;11;5
btv1b10721242v_f66.jpg;9;5
btv1b10721190n_f46.jpg;9;5
btv1b10721169f_f6.jpg;11;5
btv1b9067147w_f5.jpg;6;5
btv1b107216554_f11.jpg;11;5
btv1b9065952b_f71.jpg;10;7
btv1b90660581_f62.jpg;11;4
btv1b90683489_f45.jpg;11;4
btv1b9067124w_f66.jpg;2;7
btv1b9067142t_f154.jpg;9;6
btv1b90671311_f123.jpg;9;6
btv1b9072655w_f43.jpg;11;5
btv1b525060548_f83.jpg;11;4
btv1b90667875_f9.jpg;9;5
btv1b9067089w_f7.jpg;6;5
btv1b9080826h_f46.jpg;11;4
btv1b107211663_f8.jpg;11;5
btv1b90666494_f142.jpg;9;4
btv1b90659241_f68.jpg;2;5
btv1b90670160_f24.jpg;9;5
btv1b90809011_f40.jpg;11;4
btv1b9076819z_f57.jpg;9;6
btv1b90679007_f10.jpg;11;5
btv1b9076802p_f39.jpg;11;4
btv1b9077714v_f22.jpg;11;6
btv1b9066775z_f8.jpg;11;5
btv1b90726532_f4.jpg;11;6
btv1b9078104q_f35.jpg;11;6
btv1b9066733m_f91.jpg;11;6
btv1b90726658_f7.jpg;11;5
btv1b9067834p_f72.jpg;11;4
btv1b9078107z_f18.jpg;9;6
btv1b90672299_f61.jpg;9;6
btv1b9067228w_f7.jpg;9;5
btv1b90781143_f6.jpg;11;5
btv1b9078109s_f48.jpg;11;5
btv1b9067262x_f19.jpg;11;6
btv1b9078117b_f39.jpg;9;6
btv1b9078197c_f71.jpg;9;6
btv1b90672603_f46.jpg;6;5
btv1b9077010s_f21.jpg;11;6
btv1b9065874k_f89.jpg;11;7
btv1b9078093c_f45.jpg;11;5
btv1b90672744_f47.jpg;6;5
btv1b90780867_f18.jpg;11;5
btv1b9065872r_f6.jpg;11;5
btv1b9067271w_f46.jpg;9;5
btv1b9072669x_f7.jpg;11;5
btv1b9067270g_f50.jpg;11;5
btv1b9078049z_f55.jpg;2;7
btv1b90671704_f90.jpg;2;7
btv1b9067906q_f6.jpg;1;2
btv1b9067906q_f12.jpg;1;2
btv1b52500967c_f85.jpg;11;4
btv1b8449684q_f53.jpg;11;8
btv1b8555843r_f107.jpg;2;10
btv1b6000563x_f25.jpg;11;6
btv1b8585603c_f399.jpg;1;1
btv1b105243541_f25.jpg;1;1
btv1b8594596n_f34.jpg;1;1
btv1b10543447m_f84.jpg;11;4
btv1b8457361b_f378.jpg;3;1
btv1b84328965_f119.jpg;2;11
btv1b84496839_f128.jpg;11;7
btv1b84496839_f193.jpg;11;8
btv1b8451104r_f80.jpg;11;8
btv1b60005168_f62.jpg;2;10
IRHT_170327_2.jpg;2;7
CMDF_1_110b.jpg;8;10
CMDF_1_27a.jpg;11;5
CMDF_1_136a.jpg;6;11
CMDF_1_46a.jpg;11;6
IRHT_171442_2.jpg;2;7
IRHT_171480_2.jpg;11;6
CMDF_1_36a.jpg;11;6
CMDF_1_61b.jpg;2;7
IRHT_171876_2.jpg;2;7
CMDF_1_107b.jpg;6;10
CMDF_1_50a.jpg;11;7
CMDF_1_102a.jpg;2;9
CMDF_1_117a.jpg;6;10
CMDF_1_103a.jpg;2;9
CMDF_1_113a.jpg;2;10
751062305_Ms_Mas_0005_0066.jpg;11;5
751062305_Ms_Mas_0013_0016.jpg;11;6
751062305_Ms_Mas_0013_0177.jpg;11;6
751062305_Ms_Mas_0033_0071.jpg;6;10
751062305_Ms_Mas_0039_0009.jpg;5;11
751062305_Ms_Mas_0070_0033.jpg;7;3
751062305_Ms_Mas_0075_0049.jpg;11;8
751062305_Ms_Mas_0075_0013.jpg;11;8
IRHT_017992_2.jpg;6;13
CMDF_1_144b.jpg;6;11
IRHT_0871_2.jpg;11;4
CMDF_1_152a.jpg;2;12
IRHT_03427_2.jpg;11;4
IRHT_04549_2.jpg;9;6
IRHT_04686_2.jpg;2;7
CMDF_1_184b.jpg;11;6
CMDF_1_84a.jpg;2;8
CMDF_1_156a.jpg;6;12
IRHT_06586_2.jpg;2;7
CMDF_1_89a.jpg;11;9
IRHT_07884_2.jpg;11;7
IRHT_08268_2.jpg;11;10
CMDF_1_176b.jpg;11;5
CMDF_1_74b.jpg;11;8
CMDF_1_147b.jpg;11;11
CMDF_1_157a.jpg;11;12
IRHT_065131_2.jpg;11;11
CMDF_1_13b.jpg;11;4
CMDF_1_120a.jpg;6;10
IRHT_09689_2.jpg;11;8
CMDF_1_71a.jpg;2;7
CMDF_1_184a.jpg;11;8
CMDF_1_178b.jpg;11;5
CMDF_1_135b.jpg;2;10
CMDF_1_75a.jpg;6;8
CMDF_1_27b.jpg;2;6
IRHT_11708_2.jpg;2;9
CMDF_1_18b.jpg;11;5
CMDF_1_18a.jpg;11;5
CMDF_1_134b.jpg;5;10
IRHT_11841_2.jpg;11;10
CMDF_1_80a.jpg;2;8
CMDF_1_127b.jpg;2;10
CMDF_1_29a.jpg;9;6
IRHT_11913_2.jpg;2;7
CMDF_1_71b.jpg;2;7
CMDF_1_53b.jpg;11;7
IRHT_11924_2.jpg;11;7
CMDF_1_64b.jpg;2;7
CMDF_1_59b.jpg;2;7
CMDF_1_130b.jpg;6;10
IRHT_12147_2.jpg;2;7
IRHT_13754_2.jpg;2;8
IRHT_13776_2.jpg;9;10
IRHT_13812_2.jpg;6;10
IRHT_14485_2.jpg;5;10
IRHT_14542_2.jpg;1;2
IRHT_14531_2.jpg;1;2
IRHT_14707_2.jpg;9;10
IRHT_14768_2.jpg;11;6
IRHT_068227_2.jpg;11;7
IRHT_068346_2.jpg;2;13
IRHT_068387_2.jpg;1;2
IRHT_15381_2.jpg;2;7
IRHT_15610_2.jpg;2;9
IRHT_15627_2.jpg;8;8
IRHT_15954_2.jpg;2;9
IRHT_16160_2.jpg;8;10
IRHT_022399_2.jpg;7;3
IRHT_024794_2.jpg;10;7
IRHT_025533_2.jpg;8;10
IRHT_025658_2.jpg;11;7
IRHT_026067_2.jpg;8;10
IRHT_026518_2.jpg;11;13
IRHT_030597_2.jpg;10;11
IRHT_031912_2.jpg;11;6
IRHT_032350_2.jpg;4;9
IRHT_032813_2.jpg;11;10
B514546101_MS0015_00150.jpg;1;2
B514546101_MS0139_00007_C.jpg;7;3
B514546101_MS0142_00006_C.jpg;7;3
B514546101_MS0172_00048_C.jpg;11;6
B514546101_MS0173_00015_C.jpg;11;7
B514546101_MS0225_00116.jpg;7;3
B514546101_MS0225_00125.jpg;7;3
B514546101_MS0226_00025_C.jpg;11;4
B514546101_MS0248_00070_C.jpg;11;4
B514546101_MS0260_00105.jpg;11;10
B514546101_MS0283_00103.jpg;11;14
B514546101_MS0291_00049_C.jpg;11;4
B514546101_MS0303_00226.jpg;7;3
B514546101_MS0381_00009.jpg;2;8
B514546101_MS0381_00039.jpg;2;8
B514546101_MS0460_00043_C.jpg;11;4
B514546101_MS0504_00191.jpg;2;7
B514546101_MS0614_00194.jpg;2;8
B514546101_MS0668_00043.jpg;11;7
B514546101_MS0673_00174.jpg;7;3
B514546101_MS0681_00201.jpg;11;6
B514546101_MS0687_00372.jpg;11;6
B514546101_MS0755_00161.jpg;11;7
B514546101_MS0761_00394.jpg;11;7
B514546101_MS0762_00154.jpg;2;7
B514546101_MS0862_00056_C.jpg;11;8
B514546101_MS0871_00008_C.jpg;2;8
B514546101_MS0897_00038_C.jpg;2;10
352386106_MS0001_0021.jpg;11;4
122026201_MS0019_0028.jpg;11;7
B765406101_MS0277_0253.jpg;11;4
B765406101_MS0277_0259.jpg;11;4
B222786201_MS0007_0075.jpg;7;3
IRHT_095572_2.jpg;11;4
BU674821001_MS1555_0119.jpg;2;9
2745_011.jpg;11;7
315556101_MS0084_0091.jpg;10;7
315556101_MS0118_0209.jpg;11;6
315556101_MS0178_0171.jpg;10;5
315556101_MS0888_0125.jpg;2;8
315556101_MS0894_0104.jpg;8;10
315556101_MS0894_0066.jpg;2;10
B103876101_MS0283_00063_C.jpg;11;4
B103876101_MS0392_00047_C.jpg;11;4
B103876101_MS0497_00066_C.jpg;11;4
B103876101_MS0587_00086_C.jpg;11;4
IRHT_048886_2.jpg;11;7
B103876101_MS0891_00005_C.jpg;11;4
B103876101_MS0893_0060.jpg;11;4
B103876101_MS1162_00038_C.jpg;11;4
B103876101_MS1327_00046_C.jpg;11;4
B103876101_MS1327_00003_C.jpg;11;4
B103876101_MS1609_00125_C.jpg;11;4
B103876101_MS1609_00052_C.jpg;11;4
B103876101_MS1632_00087_C.jpg;11;4
B103876101_MS1705_00017_C.jpg;11;4
B103876101_MS1714_00320_C.jpg;9;4
B103876101_MS1716_0112.jpg;11;6
B103876101_MS1907_00163_C.jpg;11;4
B103876101_MS2030_00376_C.jpg;11;4
B103876101_MS2403_0126.jpg;11;5
IRHT_148595_2.jpg;2;7
btv1b8452765t_f55.jpg;1;1
btv1b8452765t_f47.jpg;1;1
btv1b6001165p_f9.jpg;1;1
btv1b6001165p_f21.jpg;3;1
btv1b6001165p_f23.jpg;3;1
btv1b6001165p_f35.jpg;3;1
btv1b6001165p_f66.jpg;3;1
500256201_MS0236_0011.jpg;1;1
500256201_MS0236_0031.jpg;1;1
500256201_MS0236_0075.jpg;1;1
500256201_MS0236_0103.jpg;1;1
B591226101_MS0164_0062.jpg;1;1
IRHT_159222_2.jpg;1;1
IRHT_159251_2.jpg;1;1
IRHT_162754_2.jpg;3;1
IRHT_162755_2.jpg;3;1
IRHT_162997_2.jpg;1;1
IRHT_052058_2.jpg;1;1
IRHT_052687_2.jpg;12;1
IRHT_052690_2.jpg;12;1
IRHT_052700_2.jpg;12;1
btv1b9078172j_f5.jpg;3;1
btv1b9078172j_f42.jpg;3;1
btv1b9078172j_f47.jpg;3;1
btv1b9078172j_f53.jpg;3;1
btv1b9078172j_f57.jpg;3;1
btv1b9078172j_f63.jpg;3;1
btv1b9078172j_f67.jpg;3;1
btv1b9078172j_f73.jpg;3;1
btv1b9078172j_f83.jpg;3;1